username,password
user1,password123
user2,password123
user3,password123
user4,password123
user5,password123
user6,password123
user7,password123
user8,password123
user9,password123
user10,password123
user11,password123
user12,password123
user13,password123
user14,password123
user15,password123
user16,password123
user17,password123
user18,password123
user19,password123
user20,password123
user21,password123
user22,password123
user23,password123
user24,password123
user25,password123
user26,password123
user27,password123
user28,password123
user29,password123
user30,password123
user31,password123
user32,password123
user33,password123
user34,password123
user35,password123
user36,password123
user37,password123
user38,password123
user39,password123
user40,password123
user41,password123
user42,password123
user43,password123
user44,password123
user45,password123
user46,password123
user47,password123
user48,password123
user49,password123
user50,password123
user51,password123
user52,password123
user53,password123
user54,password123
user55,password123
user56,password123
user57,password123
user58,password123
user59,password123
user60,password123
user61,password123
user62,password123
user63,password123
user64,password123
user65,password123
user66,password123
user67,password123
user68,password123
user69,password123
user70,password123
user71,password123
user72,password123
user73,password123
user74,password123
user75,password123
user76,password123
user77,password123
user78,password123
user79,password123
user80,password123
user81,password123
user82,password123
user83,password123
user84,password123
user85,password123
user86,password123
user87,password123
user88,password123
user89,password123
user90,password123
user91,password123
user92,password123
user93,password123
user94,password123
user95,password123
user96,password123
user97,password123
user98,password123
user99,password123
user100,password123
user101,password123
user102,password123
user103,password123
user104,password123
user105,password123
user106,password123
user107,password123
user108,password123
user109,password123
user110,password123
user111,password123
user112,password123
user113,password123
user114,password123
user115,password123
user116,password123
user117,password123
user118,password123
user119,password123
user120,password123
user121,password123
user122,password123
user123,password123
user124,password123
user125,password123
user126,password123
user127,password123
user128,password123
user129,password123
user130,password123
user131,password123
user132,password123
user133,password123
user134,password123
user135,password123
user136,password123
user137,password123
user138,password123
user139,password123
user140,password123
user141,password123
user142,password123
user143,password123
user144,password123
user145,password123
user146,password123
user147,password123
user148,password123
user149,password123
user150,password123
user151,password123
user152,password123
user153,password123
user154,password123
user155,password123
user156,password123
user157,password123
user158,password123
user159,password123
user160,password123
user161,password123
user162,password123
user163,password123
user164,password123
user165,password123
user166,password123
user167,password123
user168,password123
user169,password123
user170,password123
user171,password123
user172,password123
user173,password123
user174,password123
user175,password123
user176,password123
user177,password123
user178,password123
user179,password123
user180,password123
user181,password123
user182,password123
user183,password123
user184,password123
user185,password123
user186,password123
user187,password123
user188,password123
user189,password123
user190,password123
user191,password123
user192,password123
user193,password123
user194,password123
user195,password123
user196,password123
user197,password123
user198,password123
user199,password123
user200,password123
user201,password123
user202,password123
user203,password123
user204,password123
user205,password123
user206,password123
user207,password123
user208,password123
user209,password123
user210,password123
user211,password123
user212,password123
user213,password123
user214,password123
user215,password123
user216,password123
user217,password123
user218,password123
user219,password123
user220,password123
user221,password123
user222,password123
user223,password123
user224,password123
user225,password123
user226,password123
user227,password123
user228,password123
user229,password123
user230,password123
user231,password123
user232,password123
user233,password123
user234,password123
user235,password123
user236,password123
user237,password123
user238,password123
user239,password123
user240,password123
user241,password123
user242,password123
user243,password123
user244,password123
user245,password123
user246,password123
user247,password123
user248,password123
user249,password123
user250,password123
user251,password123
user252,password123
user253,password123
user254,password123
user255,password123
user256,password123
user257,password123
user258,password123
user259,password123
user260,password123
user261,password123
user262,password123
user263,password123
user264,password123
user265,password123
user266,password123
user267,password123
user268,password123
user269,password123
user270,password123
user271,password123
user272,password123
user273,password123
user274,password123
user275,password123
user276,password123
user277,password123
user278,password123
user279,password123
user280,password123
user281,password123
user282,password123
user283,password123
user284,password123
user285,password123
user286,password123
user287,password123
user288,password123
user289,password123
user290,password123
user291,password123
user292,password123
user293,password123
user294,password123
user295,password123
user296,password123
user297,password123
user298,password123
user299,password123
user300,password123
user301,password123
user302,password123
user303,password123
user304,password123
user305,password123
user306,password123
user307,password123
user308,password123
user309,password123
user310,password123
user311,password123
user312,password123
user313,password123
user314,password123
user315,password123
user316,password123
user317,password123
user318,password123
user319,password123
user320,password123
user321,password123
user322,password123
user323,password123
user324,password123
user325,password123
user326,password123
user327,password123
user328,password123
user329,password123
user330,password123
user331,password123
user332,password123
user333,password123
user334,password123
user335,password123
user336,password123
user337,password123
user338,password123
user339,password123
user340,password123
user341,password123
user342,password123
user343,password123
user344,password123
user345,password123
user346,password123
user347,password123
user348,password123
user349,password123
user350,password123
user351,password123
user352,password123
user353,password123
user354,password123
user355,password123
user356,password123
user357,password123
user358,password123
user359,password123
user360,password123
user361,password123
user362,password123
user363,password123
user364,password123
user365,password123
user366,password123
user367,password123
user368,password123
user369,password123
user370,password123
user371,password123
user372,password123
user373,password123
user374,password123
user375,password123
user376,password123
user377,password123
user378,password123
user379,password123
user380,password123
user381,password123
user382,password123
user383,password123
user384,password123
user385,password123
user386,password123
user387,password123
user388,password123
user389,password123
user390,password123
user391,password123
user392,password123
user393,password123
user394,password123
user395,password123
user396,password123
user397,password123
user398,password123
user399,password123
user400,password123
user401,password123
user402,password123
user403,password123
user404,password123
user405,password123
user406,password123
user407,password123
user408,password123
user409,password123
user410,password123
user411,password123
user412,password123
user413,password123
user414,password123
user415,password123
user416,password123
user417,password123
user418,password123
user419,password123
user420,password123
user421,password123
user422,password123
user423,password123
user424,password123
user425,password123
user426,password123
user427,password123
user428,password123
user429,password123
user430,password123
user431,password123
user432,password123
user433,password123
user434,password123
user435,password123
user436,password123
user437,password123
user438,password123
user439,password123
user440,password123
user441,password123
user442,password123
user443,password123
user444,password123
user445,password123
user446,password123
user447,password123
user448,password123
user449,password123
user450,password123
user451,password123
user452,password123
user453,password123
user454,password123
user455,password123
user456,password123
user457,password123
user458,password123
user459,password123
user460,password123
user461,password123
user462,password123
user463,password123
user464,password123
user465,password123
user466,password123
user467,password123
user468,password123
user469,password123
user470,password123
user471,password123
user472,password123
user473,password123
user474,password123
user475,password123
user476,password123
user477,password123
user478,password123
user479,password123
user480,password123
user481,password123
user482,password123
user483,password123
user484,password123
user485,password123
user486,password123
user487,password123
user488,password123
user489,password123
user490,password123
user491,password123
user492,password123
user493,password123
user494,password123
user495,password123
user496,password123
user497,password123
user498,password123
user499,password123
user500,password123
user501,password123
user502,password123
user503,password123
user504,password123
user505,password123
user506,password123
user507,password123
user508,password123
user509,password123
user510,password123
user511,password123
user512,password123
user513,password123
user514,password123
user515,password123
user516,password123
user517,password123
user518,password123
user519,password123
user520,password123
user521,password123
user522,password123
user523,password123
user524,password123
user525,password123
user526,password123
user527,password123
user528,password123
user529,password123
user530,password123
user531,password123
user532,password123
user533,password123
user534,password123
user535,password123
user536,password123
user537,password123
user538,password123
user539,password123
user540,password123
user541,password123
user542,password123
user543,password123
user544,password123
user545,password123
user546,password123
user547,password123
user548,password123
user549,password123
user550,password123
user551,password123
user552,password123
user553,password123
user554,password123
user555,password123
user556,password123
user557,password123
user558,password123
user559,password123
user560,password123
user561,password123
user562,password123
user563,password123
user564,password123
user565,password123
user566,password123
user567,password123
user568,password123
user569,password123
user570,password123
user571,password123
user572,password123
user573,password123
user574,password123
user575,password123
user576,password123
user577,password123
user578,password123
user579,password123
user580,password123
user581,password123
user582,password123
user583,password123
user584,password123
user585,password123
user586,password123
user587,password123
user588,password123
user589,password123
user590,password123
user591,password123
user592,password123
user593,password123
user594,password123
user595,password123
user596,password123
user597,password123
user598,password123
user599,password123
user600,password123
user601,password123
user602,password123
user603,password123
user604,password123
user605,password123
user606,password123
user607,password123
user608,password123
user609,password123
user610,password123
user611,password123
user612,password123
user613,password123
user614,password123
user615,password123
user616,password123
user617,password123
user618,password123
user619,password123
user620,password123
user621,password123
user622,password123
user623,password123
user624,password123
user625,password123
user626,password123
user627,password123
user628,password123
user629,password123
user630,password123
user631,password123
user632,password123
user633,password123
user634,password123
user635,password123
user636,password123
user637,password123
user638,password123
user639,password123
user640,password123
user641,password123
user642,password123
user643,password123
user644,password123
user645,password123
user646,password123
user647,password123
user648,password123
user649,password123
user650,password123
user651,password123
user652,password123
user653,password123
user654,password123
user655,password123
user656,password123
user657,password123
user658,password123
user659,password123
user660,password123
user661,password123
user662,password123
user663,password123
user664,password123
user665,password123
user666,password123
user667,password123
user668,password123
user669,password123
user670,password123
user671,password123
user672,password123
user673,password123
user674,password123
user675,password123
user676,password123
user677,password123
user678,password123
user679,password123
user680,password123
user681,password123
user682,password123
user683,password123
user684,password123
user685,password123
user686,password123
user687,password123
user688,password123
user689,password123
user690,password123
user691,password123
user692,password123
user693,password123
user694,password123
user695,password123
user696,password123
user697,password123
user698,password123
user699,password123
user700,password123
user701,password123
user702,password123
user703,password123
user704,password123
user705,password123
user706,password123
user707,password123
user708,password123
user709,password123
user710,password123
user711,password123
user712,password123
user713,password123
user714,password123
user715,password123
user716,password123
user717,password123
user718,password123
user719,password123
user720,password123
user721,password123
user722,password123
user723,password123
user724,password123
user725,password123
user726,password123
user727,password123
user728,password123
user729,password123
user730,password123
user731,password123
user732,password123
user733,password123
user734,password123
user735,password123
user736,password123
user737,password123
user738,password123
user739,password123
user740,password123
user741,password123
user742,password123
user743,password123
user744,password123
user745,password123
user746,password123
user747,password123
user748,password123
user749,password123
user750,password123
user751,password123
user752,password123
user753,password123
user754,password123
user755,password123
user756,password123
user757,password123
user758,password123
user759,password123
user760,password123
user761,password123
user762,password123
user763,password123
user764,password123
user765,password123
user766,password123
user767,password123
user768,password123
user769,password123
user770,password123
user771,password123
user772,password123
user773,password123
user774,password123
user775,password123
user776,password123
user777,password123
user778,password123
user779,password123
user780,password123
user781,password123
user782,password123
user783,password123
user784,password123
user785,password123
user786,password123
user787,password123
user788,password123
user789,password123
user790,password123
user791,password123
user792,password123
user793,password123
user794,password123
user795,password123
user796,password123
user797,password123
user798,password123
user799,password123
user800,password123
user801,password123
user802,password123
user803,password123
user804,password123
user805,password123
user806,password123
user807,password123
user808,password123
user809,password123
user810,password123
user811,password123
user812,password123
user813,password123
user814,password123
user815,password123
user816,password123
user817,password123
user818,password123
user819,password123
user820,password123
user821,password123
user822,password123
user823,password123
user824,password123
user825,password123
user826,password123
user827,password123
user828,password123
user829,password123
user830,password123
user831,password123
user832,password123
user833,password123
user834,password123
user835,password123
user836,password123
user837,password123
user838,password123
user839,password123
user840,password123
user841,password123
user842,password123
user843,password123
user844,password123
user845,password123
user846,password123
user847,password123
user848,password123
user849,password123
user850,password123
user851,password123
user852,password123
user853,password123
user854,password123
user855,password123
user856,password123
user857,password123
user858,password123
user859,password123
user860,password123
user861,password123
user862,password123
user863,password123
user864,password123
user865,password123
user866,password123
user867,password123
user868,password123
user869,password123
user870,password123
user871,password123
user872,password123
user873,password123
user874,password123
user875,password123
user876,password123
user877,password123
user878,password123
user879,password123
user880,password123
user881,password123
user882,password123
user883,password123
user884,password123
user885,password123
user886,password123
user887,password123
user888,password123
user889,password123
user890,password123
user891,password123
user892,password123
user893,password123
user894,password123
user895,password123
user896,password123
user897,password123
user898,password123
user899,password123
user900,password123
user901,password123
user902,password123
user903,password123
user904,password123
user905,password123
user906,password123
user907,password123
user908,password123
user909,password123
user910,password123
user911,password123
user912,password123
user913,password123
user914,password123
user915,password123
user916,password123
user917,password123
user918,password123
user919,password123
user920,password123
user921,password123
user922,password123
user923,password123
user924,password123
user925,password123
user926,password123
user927,password123
user928,password123
user929,password123
user930,password123
user931,password123
user932,password123
user933,password123
user934,password123
user935,password123
user936,password123
user937,password123
user938,password123
user939,password123
user940,password123
user941,password123
user942,password123
user943,password123
user944,password123
user945,password123
user946,password123
user947,password123
user948,password123
user949,password123
user950,password123
user951,password123
user952,password123
user953,password123
user954,password123
user955,password123
user956,password123
user957,password123
user958,password123
user959,password123
user960,password123
user961,password123
user962,password123
user963,password123
user964,password123
user965,password123
user966,password123
user967,password123
user968,password123
user969,password123
user970,password123
user971,password123
user972,password123
user973,password123
user974,password123
user975,password123
user976,password123
user977,password123
user978,password123
user979,password123
user980,password123
user981,password123
user982,password123
user983,password123
user984,password123
user985,password123
user986,password123
user987,password123
user988,password123
user989,password123
user990,password123
user991,password123
user992,password123
user993,password123
user994,password123
user995,password123
user996,password123
user997,password123
user998,password123
user999,password123
user1000,password123
user1001,password123
user1002,password123
user1003,password123
user1004,password123
user1005,password123
user1006,password123
user1007,password123
user1008,password123
user1009,password123
user1010,password123
user1011,password123
user1012,password123
user1013,password123
user1014,password123
user1015,password123
user1016,password123
user1017,password123
user1018,password123
user1019,password123
user1020,password123
user1021,password123
user1022,password123
user1023,password123
user1024,password123
user1025,password123
user1026,password123
user1027,password123
user1028,password123
user1029,password123
user1030,password123
user1031,password123
user1032,password123
user1033,password123
user1034,password123
user1035,password123
user1036,password123
user1037,password123
user1038,password123
user1039,password123
user1040,password123
user1041,password123
user1042,password123
user1043,password123
user1044,password123
user1045,password123
user1046,password123
user1047,password123
user1048,password123
user1049,password123
user1050,password123
user1051,password123
user1052,password123
user1053,password123
user1054,password123
user1055,password123
user1056,password123
user1057,password123
user1058,password123
user1059,password123
user1060,password123
user1061,password123
user1062,password123
user1063,password123
user1064,password123
user1065,password123
user1066,password123
user1067,password123
user1068,password123
user1069,password123
user1070,password123
user1071,password123
user1072,password123
user1073,password123
user1074,password123
user1075,password123
user1076,password123
user1077,password123
user1078,password123
user1079,password123
user1080,password123
user1081,password123
user1082,password123
user1083,password123
user1084,password123
user1085,password123
user1086,password123
user1087,password123
user1088,password123
user1089,password123
user1090,password123
user1091,password123
user1092,password123
user1093,password123
user1094,password123
user1095,password123
user1096,password123
user1097,password123
user1098,password123
user1099,password123
user1100,password123
user1101,password123
user1102,password123
user1103,password123
user1104,password123
user1105,password123
user1106,password123
user1107,password123
user1108,password123
user1109,password123
user1110,password123
user1111,password123
user1112,password123
user1113,password123
user1114,password123
user1115,password123
user1116,password123
user1117,password123
user1118,password123
user1119,password123
user1120,password123
user1121,password123
user1122,password123
user1123,password123
user1124,password123
user1125,password123
user1126,password123
user1127,password123
user1128,password123
user1129,password123
user1130,password123
user1131,password123
user1132,password123
user1133,password123
user1134,password123
user1135,password123
user1136,password123
user1137,password123
user1138,password123
user1139,password123
user1140,password123
user1141,password123
user1142,password123
user1143,password123
user1144,password123
user1145,password123
user1146,password123
user1147,password123
user1148,password123
user1149,password123
user1150,password123
user1151,password123
user1152,password123
user1153,password123
user1154,password123
user1155,password123
user1156,password123
user1157,password123
user1158,password123
user1159,password123
user1160,password123
user1161,password123
user1162,password123
user1163,password123
user1164,password123
user1165,password123
user1166,password123
user1167,password123
user1168,password123
user1169,password123
user1170,password123
user1171,password123
user1172,password123
user1173,password123
user1174,password123
user1175,password123
user1176,password123
user1177,password123
user1178,password123
user1179,password123
user1180,password123
user1181,password123
user1182,password123
user1183,password123
user1184,password123
user1185,password123
user1186,password123
user1187,password123
user1188,password123
user1189,password123
user1190,password123
user1191,password123
user1192,password123
user1193,password123
user1194,password123
user1195,password123
user1196,password123
user1197,password123
user1198,password123
user1199,password123
user1200,password123
user1201,password123
user1202,password123
user1203,password123
user1204,password123
user1205,password123
user1206,password123
user1207,password123
user1208,password123
user1209,password123
user1210,password123
user1211,password123
user1212,password123
user1213,password123
user1214,password123
user1215,password123
user1216,password123
user1217,password123
user1218,password123
user1219,password123
user1220,password123
user1221,password123
user1222,password123
user1223,password123
user1224,password123
user1225,password123
user1226,password123
user1227,password123
user1228,password123
user1229,password123
user1230,password123
user1231,password123
user1232,password123
user1233,password123
user1234,password123
user1235,password123
user1236,password123
user1237,password123
user1238,password123
user1239,password123
user1240,password123
user1241,password123
user1242,password123
user1243,password123
user1244,password123
user1245,password123
user1246,password123
user1247,password123
user1248,password123
user1249,password123
user1250,password123
user1251,password123
user1252,password123
user1253,password123
user1254,password123
user1255,password123
user1256,password123
user1257,password123
user1258,password123
user1259,password123
user1260,password123
user1261,password123
user1262,password123
user1263,password123
user1264,password123
user1265,password123
user1266,password123
user1267,password123
user1268,password123
user1269,password123
user1270,password123
user1271,password123
user1272,password123
user1273,password123
user1274,password123
user1275,password123
user1276,password123
user1277,password123
user1278,password123
user1279,password123
user1280,password123
user1281,password123
user1282,password123
user1283,password123
user1284,password123
user1285,password123
user1286,password123
user1287,password123
user1288,password123
user1289,password123
user1290,password123
user1291,password123
user1292,password123
user1293,password123
user1294,password123
user1295,password123
user1296,password123
user1297,password123
user1298,password123
user1299,password123
user1300,password123
user1301,password123
user1302,password123
user1303,password123
user1304,password123
user1305,password123
user1306,password123
user1307,password123
user1308,password123
user1309,password123
user1310,password123
user1311,password123
user1312,password123
user1313,password123
user1314,password123
user1315,password123
user1316,password123
user1317,password123
user1318,password123
user1319,password123
user1320,password123
user1321,password123
user1322,password123
user1323,password123
user1324,password123
user1325,password123
user1326,password123
user1327,password123
user1328,password123
user1329,password123
user1330,password123
user1331,password123
user1332,password123
user1333,password123
user1334,password123
user1335,password123
user1336,password123
user1337,password123
user1338,password123
user1339,password123
user1340,password123
user1341,password123
user1342,password123
user1343,password123
user1344,password123
user1345,password123
user1346,password123
user1347,password123
user1348,password123
user1349,password123
user1350,password123
user1351,password123
user1352,password123
user1353,password123
user1354,password123
user1355,password123
user1356,password123
user1357,password123
user1358,password123
user1359,password123
user1360,password123
user1361,password123
user1362,password123
user1363,password123
user1364,password123
user1365,password123
user1366,password123
user1367,password123
user1368,password123
user1369,password123
user1370,password123
user1371,password123
user1372,password123
user1373,password123
user1374,password123
user1375,password123
user1376,password123
user1377,password123
user1378,password123
user1379,password123
user1380,password123
user1381,password123
user1382,password123
user1383,password123
user1384,password123
user1385,password123
user1386,password123
user1387,password123
user1388,password123
user1389,password123
user1390,password123
user1391,password123
user1392,password123
user1393,password123
user1394,password123
user1395,password123
user1396,password123
user1397,password123
user1398,password123
user1399,password123
user1400,password123
user1401,password123
user1402,password123
user1403,password123
user1404,password123
user1405,password123
user1406,password123
user1407,password123
user1408,password123
user1409,password123
user1410,password123
user1411,password123
user1412,password123
user1413,password123
user1414,password123
user1415,password123
user1416,password123
user1417,password123
user1418,password123
user1419,password123
user1420,password123
user1421,password123
user1422,password123
user1423,password123
user1424,password123
user1425,password123
user1426,password123
user1427,password123
user1428,password123
user1429,password123
user1430,password123
user1431,password123
user1432,password123
user1433,password123
user1434,password123
user1435,password123
user1436,password123
user1437,password123
user1438,password123
user1439,password123
user1440,password123
user1441,password123
user1442,password123
user1443,password123
user1444,password123
user1445,password123
user1446,password123
user1447,password123
user1448,password123
user1449,password123
user1450,password123
user1451,password123
user1452,password123
user1453,password123
user1454,password123
user1455,password123
user1456,password123
user1457,password123
user1458,password123
user1459,password123
user1460,password123
user1461,password123
user1462,password123
user1463,password123
user1464,password123
user1465,password123
user1466,password123
user1467,password123
user1468,password123
user1469,password123
user1470,password123
user1471,password123
user1472,password123
user1473,password123
user1474,password123
user1475,password123
user1476,password123
user1477,password123
user1478,password123
user1479,password123
user1480,password123
user1481,password123
user1482,password123
user1483,password123
user1484,password123
user1485,password123
user1486,password123
user1487,password123
user1488,password123
user1489,password123
user1490,password123
user1491,password123
user1492,password123
user1493,password123
user1494,password123
user1495,password123
user1496,password123
user1497,password123
user1498,password123
user1499,password123
user1500,password123
user1501,password123
user1502,password123
user1503,password123
user1504,password123
user1505,password123
user1506,password123
user1507,password123
user1508,password123
user1509,password123
user1510,password123
user1511,password123
user1512,password123
user1513,password123
user1514,password123
user1515,password123
user1516,password123
user1517,password123
user1518,password123
user1519,password123
user1520,password123
user1521,password123
user1522,password123
user1523,password123
user1524,password123
user1525,password123
user1526,password123
user1527,password123
user1528,password123
user1529,password123
user1530,password123
user1531,password123
user1532,password123
user1533,password123
user1534,password123
user1535,password123
user1536,password123
user1537,password123
user1538,password123
user1539,password123
user1540,password123
user1541,password123
user1542,password123
user1543,password123
user1544,password123
user1545,password123
user1546,password123
user1547,password123
user1548,password123
user1549,password123
user1550,password123
user1551,password123
user1552,password123
user1553,password123
user1554,password123
user1555,password123
user1556,password123
user1557,password123
user1558,password123
user1559,password123
user1560,password123
user1561,password123
user1562,password123
user1563,password123
user1564,password123
user1565,password123
user1566,password123
user1567,password123
user1568,password123
user1569,password123
user1570,password123
user1571,password123
user1572,password123
user1573,password123
user1574,password123
user1575,password123
user1576,password123
user1577,password123
user1578,password123
user1579,password123
user1580,password123
user1581,password123
user1582,password123
user1583,password123
user1584,password123
user1585,password123
user1586,password123
user1587,password123
user1588,password123
user1589,password123
user1590,password123
user1591,password123
user1592,password123
user1593,password123
user1594,password123
user1595,password123
user1596,password123
user1597,password123
user1598,password123
user1599,password123
user1600,password123
user1601,password123
user1602,password123
user1603,password123
user1604,password123
user1605,password123
user1606,password123
user1607,password123
user1608,password123
user1609,password123
user1610,password123
user1611,password123
user1612,password123
user1613,password123
user1614,password123
user1615,password123
user1616,password123
user1617,password123
user1618,password123
user1619,password123
user1620,password123
user1621,password123
user1622,password123
user1623,password123
user1624,password123
user1625,password123
user1626,password123
user1627,password123
user1628,password123
user1629,password123
user1630,password123
user1631,password123
user1632,password123
user1633,password123
user1634,password123
user1635,password123
user1636,password123
user1637,password123
user1638,password123
user1639,password123
user1640,password123
user1641,password123
user1642,password123
user1643,password123
user1644,password123
user1645,password123
user1646,password123
user1647,password123
user1648,password123
user1649,password123
user1650,password123
user1651,password123
user1652,password123
user1653,password123
user1654,password123
user1655,password123
user1656,password123
user1657,password123
user1658,password123
user1659,password123
user1660,password123
user1661,password123
user1662,password123
user1663,password123
user1664,password123
user1665,password123
user1666,password123
user1667,password123
user1668,password123
user1669,password123
user1670,password123
user1671,password123
user1672,password123
user1673,password123
user1674,password123
user1675,password123
user1676,password123
user1677,password123
user1678,password123
user1679,password123
user1680,password123
user1681,password123
user1682,password123
user1683,password123
user1684,password123
user1685,password123
user1686,password123
user1687,password123
user1688,password123
user1689,password123
user1690,password123
user1691,password123
user1692,password123
user1693,password123
user1694,password123
user1695,password123
user1696,password123
user1697,password123
user1698,password123
user1699,password123
user1700,password123
user1701,password123
user1702,password123
user1703,password123
user1704,password123
user1705,password123
user1706,password123
user1707,password123
user1708,password123
user1709,password123
user1710,password123
user1711,password123
user1712,password123
user1713,password123
user1714,password123
user1715,password123
user1716,password123
user1717,password123
user1718,password123
user1719,password123
user1720,password123
user1721,password123
user1722,password123
user1723,password123
user1724,password123
user1725,password123
user1726,password123
user1727,password123
user1728,password123
user1729,password123
user1730,password123
user1731,password123
user1732,password123
user1733,password123
user1734,password123
user1735,password123
user1736,password123
user1737,password123
user1738,password123
user1739,password123
user1740,password123
user1741,password123
user1742,password123
user1743,password123
user1744,password123
user1745,password123
user1746,password123
user1747,password123
user1748,password123
user1749,password123
user1750,password123
user1751,password123
user1752,password123
user1753,password123
user1754,password123
user1755,password123
user1756,password123
user1757,password123
user1758,password123
user1759,password123
user1760,password123
user1761,password123
user1762,password123
user1763,password123
user1764,password123
user1765,password123
user1766,password123
user1767,password123
user1768,password123
user1769,password123
user1770,password123
user1771,password123
user1772,password123
user1773,password123
user1774,password123
user1775,password123
user1776,password123
user1777,password123
user1778,password123
user1779,password123
user1780,password123
user1781,password123
user1782,password123
user1783,password123
user1784,password123
user1785,password123
user1786,password123
user1787,password123
user1788,password123
user1789,password123
user1790,password123
user1791,password123
user1792,password123
user1793,password123
user1794,password123
user1795,password123
user1796,password123
user1797,password123
user1798,password123
user1799,password123
user1800,password123
user1801,password123
user1802,password123
user1803,password123
user1804,password123
user1805,password123
user1806,password123
user1807,password123
user1808,password123
user1809,password123
user1810,password123
user1811,password123
user1812,password123
user1813,password123
user1814,password123
user1815,password123
user1816,password123
user1817,password123
user1818,password123
user1819,password123
user1820,password123
user1821,password123
user1822,password123
user1823,password123
user1824,password123
user1825,password123
user1826,password123
user1827,password123
user1828,password123
user1829,password123
user1830,password123
user1831,password123
user1832,password123
user1833,password123
user1834,password123
user1835,password123
user1836,password123
user1837,password123
user1838,password123
user1839,password123
user1840,password123
user1841,password123
user1842,password123
user1843,password123
user1844,password123
user1845,password123
user1846,password123
user1847,password123
user1848,password123
user1849,password123
user1850,password123
user1851,password123
user1852,password123
user1853,password123
user1854,password123
user1855,password123
user1856,password123
user1857,password123
user1858,password123
user1859,password123
user1860,password123
user1861,password123
user1862,password123
user1863,password123
user1864,password123
user1865,password123
user1866,password123
user1867,password123
user1868,password123
user1869,password123
user1870,password123
user1871,password123
user1872,password123
user1873,password123
user1874,password123
user1875,password123
user1876,password123
user1877,password123
user1878,password123
user1879,password123
user1880,password123
user1881,password123
user1882,password123
user1883,password123
user1884,password123
user1885,password123
user1886,password123
user1887,password123
user1888,password123
user1889,password123
user1890,password123
user1891,password123
user1892,password123
user1893,password123
user1894,password123
user1895,password123
user1896,password123
user1897,password123
user1898,password123
user1899,password123
user1900,password123
user1901,password123
user1902,password123
user1903,password123
user1904,password123
user1905,password123
user1906,password123
user1907,password123
user1908,password123
user1909,password123
user1910,password123
user1911,password123
user1912,password123
user1913,password123
user1914,password123
user1915,password123
user1916,password123
user1917,password123
user1918,password123
user1919,password123
user1920,password123
user1921,password123
user1922,password123
user1923,password123
user1924,password123
user1925,password123
user1926,password123
user1927,password123
user1928,password123
user1929,password123
user1930,password123
user1931,password123
user1932,password123
user1933,password123
user1934,password123
user1935,password123
user1936,password123
user1937,password123
user1938,password123
user1939,password123
user1940,password123
user1941,password123
user1942,password123
user1943,password123
user1944,password123
user1945,password123
user1946,password123
user1947,password123
user1948,password123
user1949,password123
user1950,password123
user1951,password123
user1952,password123
user1953,password123
user1954,password123
user1955,password123
user1956,password123
user1957,password123
user1958,password123
user1959,password123
user1960,password123
user1961,password123
user1962,password123
user1963,password123
user1964,password123
user1965,password123
user1966,password123
user1967,password123
user1968,password123
user1969,password123
user1970,password123
user1971,password123
user1972,password123
user1973,password123
user1974,password123
user1975,password123
user1976,password123
user1977,password123
user1978,password123
user1979,password123
user1980,password123
user1981,password123
user1982,password123
user1983,password123
user1984,password123
user1985,password123
user1986,password123
user1987,password123
user1988,password123
user1989,password123
user1990,password123
user1991,password123
user1992,password123
user1993,password123
user1994,password123
user1995,password123
user1996,password123
user1997,password123
user1998,password123
user1999,password123
user2000,password123
user2001,password123
user2002,password123
user2003,password123
user2004,password123
user2005,password123
user2006,password123
user2007,password123
user2008,password123
user2009,password123
user2010,password123
user2011,password123
user2012,password123
user2013,password123
user2014,password123
user2015,password123
user2016,password123
user2017,password123
user2018,password123
user2019,password123
user2020,password123
user2021,password123
user2022,password123
user2023,password123
user2024,password123
user2025,password123
user2026,password123
user2027,password123
user2028,password123
user2029,password123
user2030,password123
user2031,password123
user2032,password123
user2033,password123
user2034,password123
user2035,password123
user2036,password123
user2037,password123
user2038,password123
user2039,password123
user2040,password123
user2041,password123
user2042,password123
user2043,password123
user2044,password123
user2045,password123
user2046,password123
user2047,password123
user2048,password123
user2049,password123
user2050,password123
user2051,password123
user2052,password123
user2053,password123
user2054,password123
user2055,password123
user2056,password123
user2057,password123
user2058,password123
user2059,password123
user2060,password123
user2061,password123
user2062,password123
user2063,password123
user2064,password123
user2065,password123
user2066,password123
user2067,password123
user2068,password123
user2069,password123
user2070,password123
user2071,password123
user2072,password123
user2073,password123
user2074,password123
user2075,password123
user2076,password123
user2077,password123
user2078,password123
user2079,password123
user2080,password123
user2081,password123
user2082,password123
user2083,password123
user2084,password123
user2085,password123
user2086,password123
user2087,password123
user2088,password123
user2089,password123
user2090,password123
user2091,password123
user2092,password123
user2093,password123
user2094,password123
user2095,password123
user2096,password123
user2097,password123
user2098,password123
user2099,password123
user2100,password123
user2101,password123
user2102,password123
user2103,password123
user2104,password123
user2105,password123
user2106,password123
user2107,password123
user2108,password123
user2109,password123
user2110,password123
user2111,password123
user2112,password123
user2113,password123
user2114,password123
user2115,password123
user2116,password123
user2117,password123
user2118,password123
user2119,password123
user2120,password123
user2121,password123
user2122,password123
user2123,password123
user2124,password123
user2125,password123
user2126,password123
user2127,password123
user2128,password123
user2129,password123
user2130,password123
user2131,password123
user2132,password123
user2133,password123
user2134,password123
user2135,password123
user2136,password123
user2137,password123
user2138,password123
user2139,password123
user2140,password123
user2141,password123
user2142,password123
user2143,password123
user2144,password123
user2145,password123
user2146,password123
user2147,password123
user2148,password123
user2149,password123
user2150,password123
user2151,password123
user2152,password123
user2153,password123
user2154,password123
user2155,password123
user2156,password123
user2157,password123
user2158,password123
user2159,password123
user2160,password123
user2161,password123
user2162,password123
user2163,password123
user2164,password123
user2165,password123
user2166,password123
user2167,password123
user2168,password123
user2169,password123
user2170,password123
user2171,password123
user2172,password123
user2173,password123
user2174,password123
user2175,password123
user2176,password123
user2177,password123
user2178,password123
user2179,password123
user2180,password123
user2181,password123
user2182,password123
user2183,password123
user2184,password123
user2185,password123
user2186,password123
user2187,password123
user2188,password123
user2189,password123
user2190,password123
user2191,password123
user2192,password123
user2193,password123
user2194,password123
user2195,password123
user2196,password123
user2197,password123
user2198,password123
user2199,password123
user2200,password123
user2201,password123
user2202,password123
user2203,password123
user2204,password123
user2205,password123
user2206,password123
user2207,password123
user2208,password123
user2209,password123
user2210,password123
user2211,password123
user2212,password123
user2213,password123
user2214,password123
user2215,password123
user2216,password123
user2217,password123
user2218,password123
user2219,password123
user2220,password123
user2221,password123
user2222,password123
user2223,password123
user2224,password123
user2225,password123
user2226,password123
user2227,password123
user2228,password123
user2229,password123
user2230,password123
user2231,password123
user2232,password123
user2233,password123
user2234,password123
user2235,password123
user2236,password123
user2237,password123
user2238,password123
user2239,password123
user2240,password123
user2241,password123
user2242,password123
user2243,password123
user2244,password123
user2245,password123
user2246,password123
user2247,password123
user2248,password123
user2249,password123
user2250,password123
user2251,password123
user2252,password123
user2253,password123
user2254,password123
user2255,password123
user2256,password123
user2257,password123
user2258,password123
user2259,password123
user2260,password123
user2261,password123
user2262,password123
user2263,password123
user2264,password123
user2265,password123
user2266,password123
user2267,password123
user2268,password123
user2269,password123
user2270,password123
user2271,password123
user2272,password123
user2273,password123
user2274,password123
user2275,password123
user2276,password123
user2277,password123
user2278,password123
user2279,password123
user2280,password123
user2281,password123
user2282,password123
user2283,password123
user2284,password123
user2285,password123
user2286,password123
user2287,password123
user2288,password123
user2289,password123
user2290,password123
user2291,password123
user2292,password123
user2293,password123
user2294,password123
user2295,password123
user2296,password123
user2297,password123
user2298,password123
user2299,password123
user2300,password123
user2301,password123
user2302,password123
user2303,password123
user2304,password123
user2305,password123
user2306,password123
user2307,password123
user2308,password123
user2309,password123
user2310,password123
user2311,password123
user2312,password123
user2313,password123
user2314,password123
user2315,password123
user2316,password123
user2317,password123
user2318,password123
user2319,password123
user2320,password123
user2321,password123
user2322,password123
user2323,password123
user2324,password123
user2325,password123
user2326,password123
user2327,password123
user2328,password123
user2329,password123
user2330,password123
user2331,password123
user2332,password123
user2333,password123
user2334,password123
user2335,password123
user2336,password123
user2337,password123
user2338,password123
user2339,password123
user2340,password123
user2341,password123
user2342,password123
user2343,password123
user2344,password123
user2345,password123
user2346,password123
user2347,password123
user2348,password123
user2349,password123
user2350,password123
user2351,password123
user2352,password123
user2353,password123
user2354,password123
user2355,password123
user2356,password123
user2357,password123
user2358,password123
user2359,password123
user2360,password123
user2361,password123
user2362,password123
user2363,password123
user2364,password123
user2365,password123
user2366,password123
user2367,password123
user2368,password123
user2369,password123
user2370,password123
user2371,password123
user2372,password123
user2373,password123
user2374,password123
user2375,password123
user2376,password123
user2377,password123
user2378,password123
user2379,password123
user2380,password123
user2381,password123
user2382,password123
user2383,password123
user2384,password123
user2385,password123
user2386,password123
user2387,password123
user2388,password123
user2389,password123
user2390,password123
user2391,password123
user2392,password123
user2393,password123
user2394,password123
user2395,password123
user2396,password123
user2397,password123
user2398,password123
user2399,password123
user2400,password123
user2401,password123
user2402,password123
user2403,password123
user2404,password123
user2405,password123
user2406,password123
user2407,password123
user2408,password123
user2409,password123
user2410,password123
user2411,password123
user2412,password123
user2413,password123
user2414,password123
user2415,password123
user2416,password123
user2417,password123
user2418,password123
user2419,password123
user2420,password123
user2421,password123
user2422,password123
user2423,password123
user2424,password123
user2425,password123
user2426,password123
user2427,password123
user2428,password123
user2429,password123
user2430,password123
user2431,password123
user2432,password123
user2433,password123
user2434,password123
user2435,password123
user2436,password123
user2437,password123
user2438,password123
user2439,password123
user2440,password123
user2441,password123
user2442,password123
user2443,password123
user2444,password123
user2445,password123
user2446,password123
user2447,password123
user2448,password123
user2449,password123
user2450,password123
user2451,password123
user2452,password123
user2453,password123
user2454,password123
user2455,password123
user2456,password123
user2457,password123
user2458,password123
user2459,password123
user2460,password123
user2461,password123
user2462,password123
user2463,password123
user2464,password123
user2465,password123
user2466,password123
user2467,password123
user2468,password123
user2469,password123
user2470,password123
user2471,password123
user2472,password123
user2473,password123
user2474,password123
user2475,password123
user2476,password123
user2477,password123
user2478,password123
user2479,password123
user2480,password123
user2481,password123
user2482,password123
user2483,password123
user2484,password123
user2485,password123
user2486,password123
user2487,password123
user2488,password123
user2489,password123
user2490,password123
user2491,password123
user2492,password123
user2493,password123
user2494,password123
user2495,password123
user2496,password123
user2497,password123
user2498,password123
user2499,password123
user2500,password123
user2501,password123
user2502,password123
user2503,password123
user2504,password123
user2505,password123
user2506,password123
user2507,password123
user2508,password123
user2509,password123
user2510,password123
user2511,password123
user2512,password123
user2513,password123
user2514,password123
user2515,password123
user2516,password123
user2517,password123
user2518,password123
user2519,password123
user2520,password123
user2521,password123
user2522,password123
user2523,password123
user2524,password123
user2525,password123
user2526,password123
user2527,password123
user2528,password123
user2529,password123
user2530,password123
user2531,password123
user2532,password123
user2533,password123
user2534,password123
user2535,password123
user2536,password123
user2537,password123
user2538,password123
user2539,password123
user2540,password123
user2541,password123
user2542,password123
user2543,password123
user2544,password123
user2545,password123
user2546,password123
user2547,password123
user2548,password123
user2549,password123
user2550,password123
user2551,password123
user2552,password123
user2553,password123
user2554,password123
user2555,password123
user2556,password123
user2557,password123
user2558,password123
user2559,password123
user2560,password123
user2561,password123
user2562,password123
user2563,password123
user2564,password123
user2565,password123
user2566,password123
user2567,password123
user2568,password123
user2569,password123
user2570,password123
user2571,password123
user2572,password123
user2573,password123
user2574,password123
user2575,password123
user2576,password123
user2577,password123
user2578,password123
user2579,password123
user2580,password123
user2581,password123
user2582,password123
user2583,password123
user2584,password123
user2585,password123
user2586,password123
user2587,password123
user2588,password123
user2589,password123
user2590,password123
user2591,password123
user2592,password123
user2593,password123
user2594,password123
user2595,password123
user2596,password123
user2597,password123
user2598,password123
user2599,password123
user2600,password123
user2601,password123
user2602,password123
user2603,password123
user2604,password123
user2605,password123
user2606,password123
user2607,password123
user2608,password123
user2609,password123
user2610,password123
user2611,password123
user2612,password123
user2613,password123
user2614,password123
user2615,password123
user2616,password123
user2617,password123
user2618,password123
user2619,password123
user2620,password123
user2621,password123
user2622,password123
user2623,password123
user2624,password123
user2625,password123
user2626,password123
user2627,password123
user2628,password123
user2629,password123
user2630,password123
user2631,password123
user2632,password123
user2633,password123
user2634,password123
user2635,password123
user2636,password123
user2637,password123
user2638,password123
user2639,password123
user2640,password123
user2641,password123
user2642,password123
user2643,password123
user2644,password123
user2645,password123
user2646,password123
user2647,password123
user2648,password123
user2649,password123
user2650,password123
user2651,password123
user2652,password123
user2653,password123
user2654,password123
user2655,password123
user2656,password123
user2657,password123
user2658,password123
user2659,password123
user2660,password123
user2661,password123
user2662,password123
user2663,password123
user2664,password123
user2665,password123
user2666,password123
user2667,password123
user2668,password123
user2669,password123
user2670,password123
user2671,password123
user2672,password123
user2673,password123
user2674,password123
user2675,password123
user2676,password123
user2677,password123
user2678,password123
user2679,password123
user2680,password123
user2681,password123
user2682,password123
user2683,password123
user2684,password123
user2685,password123
user2686,password123
user2687,password123
user2688,password123
user2689,password123
user2690,password123
user2691,password123
user2692,password123
user2693,password123
user2694,password123
user2695,password123
user2696,password123
user2697,password123
user2698,password123
user2699,password123
user2700,password123
user2701,password123
user2702,password123
user2703,password123
user2704,password123
user2705,password123
user2706,password123
user2707,password123
user2708,password123
user2709,password123
user2710,password123
user2711,password123
user2712,password123
user2713,password123
user2714,password123
user2715,password123
user2716,password123
user2717,password123
user2718,password123
user2719,password123
user2720,password123
user2721,password123
user2722,password123
user2723,password123
user2724,password123
user2725,password123
user2726,password123
user2727,password123
user2728,password123
user2729,password123
user2730,password123
user2731,password123
user2732,password123
user2733,password123
user2734,password123
user2735,password123
user2736,password123
user2737,password123
user2738,password123
user2739,password123
user2740,password123
user2741,password123
user2742,password123
user2743,password123
user2744,password123
user2745,password123
user2746,password123
user2747,password123
user2748,password123
user2749,password123
user2750,password123
user2751,password123
user2752,password123
user2753,password123
user2754,password123
user2755,password123
user2756,password123
user2757,password123
user2758,password123
user2759,password123
user2760,password123
user2761,password123
user2762,password123
user2763,password123
user2764,password123
user2765,password123
user2766,password123
user2767,password123
user2768,password123
user2769,password123
user2770,password123
user2771,password123
user2772,password123
user2773,password123
user2774,password123
user2775,password123
user2776,password123
user2777,password123
user2778,password123
user2779,password123
user2780,password123
user2781,password123
user2782,password123
user2783,password123
user2784,password123
user2785,password123
user2786,password123
user2787,password123
user2788,password123
user2789,password123
user2790,password123
user2791,password123
user2792,password123
user2793,password123
user2794,password123
user2795,password123
user2796,password123
user2797,password123
user2798,password123
user2799,password123
user2800,password123
user2801,password123
user2802,password123
user2803,password123
user2804,password123
user2805,password123
user2806,password123
user2807,password123
user2808,password123
user2809,password123
user2810,password123
user2811,password123
user2812,password123
user2813,password123
user2814,password123
user2815,password123
user2816,password123
user2817,password123
user2818,password123
user2819,password123
user2820,password123
user2821,password123
user2822,password123
user2823,password123
user2824,password123
user2825,password123
user2826,password123
user2827,password123
user2828,password123
user2829,password123
user2830,password123
user2831,password123
user2832,password123
user2833,password123
user2834,password123
user2835,password123
user2836,password123
user2837,password123
user2838,password123
user2839,password123
user2840,password123
user2841,password123
user2842,password123
user2843,password123
user2844,password123
user2845,password123
user2846,password123
user2847,password123
user2848,password123
user2849,password123
user2850,password123
user2851,password123
user2852,password123
user2853,password123
user2854,password123
user2855,password123
user2856,password123
user2857,password123
user2858,password123
user2859,password123
user2860,password123
user2861,password123
user2862,password123
user2863,password123
user2864,password123
user2865,password123
user2866,password123
user2867,password123
user2868,password123
user2869,password123
user2870,password123
user2871,password123
user2872,password123
user2873,password123
user2874,password123
user2875,password123
user2876,password123
user2877,password123
user2878,password123
user2879,password123
user2880,password123
user2881,password123
user2882,password123
user2883,password123
user2884,password123
user2885,password123
user2886,password123
user2887,password123
user2888,password123
user2889,password123
user2890,password123
user2891,password123
user2892,password123
user2893,password123
user2894,password123
user2895,password123
user2896,password123
user2897,password123
user2898,password123
user2899,password123
user2900,password123
user2901,password123
user2902,password123
user2903,password123
user2904,password123
user2905,password123
user2906,password123
user2907,password123
user2908,password123
user2909,password123
user2910,password123
user2911,password123
user2912,password123
user2913,password123
user2914,password123
user2915,password123
user2916,password123
user2917,password123
user2918,password123
user2919,password123
user2920,password123
user2921,password123
user2922,password123
user2923,password123
user2924,password123
user2925,password123
user2926,password123
user2927,password123
user2928,password123
user2929,password123
user2930,password123
user2931,password123
user2932,password123
user2933,password123
user2934,password123
user2935,password123
user2936,password123
user2937,password123
user2938,password123
user2939,password123
user2940,password123
user2941,password123
user2942,password123
user2943,password123
user2944,password123
user2945,password123
user2946,password123
user2947,password123
user2948,password123
user2949,password123
user2950,password123
user2951,password123
user2952,password123
user2953,password123
user2954,password123
user2955,password123
user2956,password123
user2957,password123
user2958,password123
user2959,password123
user2960,password123
user2961,password123
user2962,password123
user2963,password123
user2964,password123
user2965,password123
user2966,password123
user2967,password123
user2968,password123
user2969,password123
user2970,password123
user2971,password123
user2972,password123
user2973,password123
user2974,password123
user2975,password123
user2976,password123
user2977,password123
user2978,password123
user2979,password123
user2980,password123
user2981,password123
user2982,password123
user2983,password123
user2984,password123
user2985,password123
user2986,password123
user2987,password123
user2988,password123
user2989,password123
user2990,password123
user2991,password123
user2992,password123
user2993,password123
user2994,password123
user2995,password123
user2996,password123
user2997,password123
user2998,password123
user2999,password123
user3000,password123
user3001,password123
user3002,password123
user3003,password123
user3004,password123
user3005,password123
user3006,password123
user3007,password123
user3008,password123
user3009,password123
user3010,password123
user3011,password123
user3012,password123
user3013,password123
user3014,password123
user3015,password123
user3016,password123
user3017,password123
user3018,password123
user3019,password123
user3020,password123
user3021,password123
user3022,password123
user3023,password123
user3024,password123
user3025,password123
user3026,password123
user3027,password123
user3028,password123
user3029,password123
user3030,password123
user3031,password123
user3032,password123
user3033,password123
user3034,password123
user3035,password123
user3036,password123
user3037,password123
user3038,password123
user3039,password123
user3040,password123
user3041,password123
user3042,password123
user3043,password123
user3044,password123
user3045,password123
user3046,password123
user3047,password123
user3048,password123
user3049,password123
user3050,password123
user3051,password123
user3052,password123
user3053,password123
user3054,password123
user3055,password123
user3056,password123
user3057,password123
user3058,password123
user3059,password123
user3060,password123
user3061,password123
user3062,password123
user3063,password123
user3064,password123
user3065,password123
user3066,password123
user3067,password123
user3068,password123
user3069,password123
user3070,password123
user3071,password123
user3072,password123
user3073,password123
user3074,password123
user3075,password123
user3076,password123
user3077,password123
user3078,password123
user3079,password123
user3080,password123
user3081,password123
user3082,password123
user3083,password123
user3084,password123
user3085,password123
user3086,password123
user3087,password123
user3088,password123
user3089,password123
user3090,password123
user3091,password123
user3092,password123
user3093,password123
user3094,password123
user3095,password123
user3096,password123
user3097,password123
user3098,password123
user3099,password123
user3100,password123
user3101,password123
user3102,password123
user3103,password123
user3104,password123
user3105,password123
user3106,password123
user3107,password123
user3108,password123
user3109,password123
user3110,password123
user3111,password123
user3112,password123
user3113,password123
user3114,password123
user3115,password123
user3116,password123
user3117,password123
user3118,password123
user3119,password123
user3120,password123
user3121,password123
user3122,password123
user3123,password123
user3124,password123
user3125,password123
user3126,password123
user3127,password123
user3128,password123
user3129,password123
user3130,password123
user3131,password123
user3132,password123
user3133,password123
user3134,password123
user3135,password123
user3136,password123
user3137,password123
user3138,password123
user3139,password123
user3140,password123
user3141,password123
user3142,password123
user3143,password123
user3144,password123
user3145,password123
user3146,password123
user3147,password123
user3148,password123
user3149,password123
user3150,password123
user3151,password123
user3152,password123
user3153,password123
user3154,password123
user3155,password123
user3156,password123
user3157,password123
user3158,password123
user3159,password123
user3160,password123
user3161,password123
user3162,password123
user3163,password123
user3164,password123
user3165,password123
user3166,password123
user3167,password123
user3168,password123
user3169,password123
user3170,password123
user3171,password123
user3172,password123
user3173,password123
user3174,password123
user3175,password123
user3176,password123
user3177,password123
user3178,password123
user3179,password123
user3180,password123
user3181,password123
user3182,password123
user3183,password123
user3184,password123
user3185,password123
user3186,password123
user3187,password123
user3188,password123
user3189,password123
user3190,password123
user3191,password123
user3192,password123
user3193,password123
user3194,password123
user3195,password123
user3196,password123
user3197,password123
user3198,password123
user3199,password123
user3200,password123
user3201,password123
user3202,password123
user3203,password123
user3204,password123
user3205,password123
user3206,password123
user3207,password123
user3208,password123
user3209,password123
user3210,password123
user3211,password123
user3212,password123
user3213,password123
user3214,password123
user3215,password123
user3216,password123
user3217,password123
user3218,password123
user3219,password123
user3220,password123
user3221,password123
user3222,password123
user3223,password123
user3224,password123
user3225,password123
user3226,password123
user3227,password123
user3228,password123
user3229,password123
user3230,password123
user3231,password123
user3232,password123
user3233,password123
user3234,password123
user3235,password123
user3236,password123
user3237,password123
user3238,password123
user3239,password123
user3240,password123
user3241,password123
user3242,password123
user3243,password123
user3244,password123
user3245,password123
user3246,password123
user3247,password123
user3248,password123
user3249,password123
user3250,password123
user3251,password123
user3252,password123
user3253,password123
user3254,password123
user3255,password123
user3256,password123
user3257,password123
user3258,password123
user3259,password123
user3260,password123
user3261,password123
user3262,password123
user3263,password123
user3264,password123
user3265,password123
user3266,password123
user3267,password123
user3268,password123
user3269,password123
user3270,password123
user3271,password123
user3272,password123
user3273,password123
user3274,password123
user3275,password123
user3276,password123
user3277,password123
user3278,password123
user3279,password123
user3280,password123
user3281,password123
user3282,password123
user3283,password123
user3284,password123
user3285,password123
user3286,password123
user3287,password123
user3288,password123
user3289,password123
user3290,password123
user3291,password123
user3292,password123
user3293,password123
user3294,password123
user3295,password123
user3296,password123
user3297,password123
user3298,password123
user3299,password123
user3300,password123
user3301,password123
user3302,password123
user3303,password123
user3304,password123
user3305,password123
user3306,password123
user3307,password123
user3308,password123
user3309,password123
user3310,password123
user3311,password123
user3312,password123
user3313,password123
user3314,password123
user3315,password123
user3316,password123
user3317,password123
user3318,password123
user3319,password123
user3320,password123
user3321,password123
user3322,password123
user3323,password123
user3324,password123
user3325,password123
user3326,password123
user3327,password123
user3328,password123
user3329,password123
user3330,password123
user3331,password123
user3332,password123
user3333,password123
user3334,password123
user3335,password123
user3336,password123
user3337,password123
user3338,password123
user3339,password123
user3340,password123
user3341,password123
user3342,password123
user3343,password123
user3344,password123
user3345,password123
user3346,password123
user3347,password123
user3348,password123
user3349,password123
user3350,password123
user3351,password123
user3352,password123
user3353,password123
user3354,password123
user3355,password123
user3356,password123
user3357,password123
user3358,password123
user3359,password123
user3360,password123
user3361,password123
user3362,password123
user3363,password123
user3364,password123
user3365,password123
user3366,password123
user3367,password123
user3368,password123
user3369,password123
user3370,password123
user3371,password123
user3372,password123
user3373,password123
user3374,password123
user3375,password123
user3376,password123
user3377,password123
user3378,password123
user3379,password123
user3380,password123
user3381,password123
user3382,password123
user3383,password123
user3384,password123
user3385,password123
user3386,password123
user3387,password123
user3388,password123
user3389,password123
user3390,password123
user3391,password123
user3392,password123
user3393,password123
user3394,password123
user3395,password123
user3396,password123
user3397,password123
user3398,password123
user3399,password123
user3400,password123
user3401,password123
user3402,password123
user3403,password123
user3404,password123
user3405,password123
user3406,password123
user3407,password123
user3408,password123
user3409,password123
user3410,password123
user3411,password123
user3412,password123
user3413,password123
user3414,password123
user3415,password123
user3416,password123
user3417,password123
user3418,password123
user3419,password123
user3420,password123
user3421,password123
user3422,password123
user3423,password123
user3424,password123
user3425,password123
user3426,password123
user3427,password123
user3428,password123
user3429,password123
user3430,password123
user3431,password123
user3432,password123
user3433,password123
user3434,password123
user3435,password123
user3436,password123
user3437,password123
user3438,password123
user3439,password123
user3440,password123
user3441,password123
user3442,password123
user3443,password123
user3444,password123
user3445,password123
user3446,password123
user3447,password123
user3448,password123
user3449,password123
user3450,password123
user3451,password123
user3452,password123
user3453,password123
user3454,password123
user3455,password123
user3456,password123
user3457,password123
user3458,password123
user3459,password123
user3460,password123
user3461,password123
user3462,password123
user3463,password123
user3464,password123
user3465,password123
user3466,password123
user3467,password123
user3468,password123
user3469,password123
user3470,password123
user3471,password123
user3472,password123
user3473,password123
user3474,password123
user3475,password123
user3476,password123
user3477,password123
user3478,password123
user3479,password123
user3480,password123
user3481,password123
user3482,password123
user3483,password123
user3484,password123
user3485,password123
user3486,password123
user3487,password123
user3488,password123
user3489,password123
user3490,password123
user3491,password123
user3492,password123
user3493,password123
user3494,password123
user3495,password123
user3496,password123
user3497,password123
user3498,password123
user3499,password123
user3500,password123
user3501,password123
user3502,password123
user3503,password123
user3504,password123
user3505,password123
user3506,password123
user3507,password123
user3508,password123
user3509,password123
user3510,password123
user3511,password123
user3512,password123
user3513,password123
user3514,password123
user3515,password123
user3516,password123
user3517,password123
user3518,password123
user3519,password123
user3520,password123
user3521,password123
user3522,password123
user3523,password123
user3524,password123
user3525,password123
user3526,password123
user3527,password123
user3528,password123
user3529,password123
user3530,password123
user3531,password123
user3532,password123
user3533,password123
user3534,password123
user3535,password123
user3536,password123
user3537,password123
user3538,password123
user3539,password123
user3540,password123
user3541,password123
user3542,password123
user3543,password123
user3544,password123
user3545,password123
user3546,password123
user3547,password123
user3548,password123
user3549,password123
user3550,password123
user3551,password123
user3552,password123
user3553,password123
user3554,password123
user3555,password123
user3556,password123
user3557,password123
user3558,password123
user3559,password123
user3560,password123
user3561,password123
user3562,password123
user3563,password123
user3564,password123
user3565,password123
user3566,password123
user3567,password123
user3568,password123
user3569,password123
user3570,password123
user3571,password123
user3572,password123
user3573,password123
user3574,password123
user3575,password123
user3576,password123
user3577,password123
user3578,password123
user3579,password123
user3580,password123
user3581,password123
user3582,password123
user3583,password123
user3584,password123
user3585,password123
user3586,password123
user3587,password123
user3588,password123
user3589,password123
user3590,password123
user3591,password123
user3592,password123
user3593,password123
user3594,password123
user3595,password123
user3596,password123
user3597,password123
user3598,password123
user3599,password123
user3600,password123
user3601,password123
user3602,password123
user3603,password123
user3604,password123
user3605,password123
user3606,password123
user3607,password123
user3608,password123
user3609,password123
user3610,password123
user3611,password123
user3612,password123
user3613,password123
user3614,password123
user3615,password123
user3616,password123
user3617,password123
user3618,password123
user3619,password123
user3620,password123
user3621,password123
user3622,password123
user3623,password123
user3624,password123
user3625,password123
user3626,password123
user3627,password123
user3628,password123
user3629,password123
user3630,password123
user3631,password123
user3632,password123
user3633,password123
user3634,password123
user3635,password123
user3636,password123
user3637,password123
user3638,password123
user3639,password123
user3640,password123
user3641,password123
user3642,password123
user3643,password123
user3644,password123
user3645,password123
user3646,password123
user3647,password123
user3648,password123
user3649,password123
user3650,password123
user3651,password123
user3652,password123
user3653,password123
user3654,password123
user3655,password123
user3656,password123
user3657,password123
user3658,password123
user3659,password123
user3660,password123
user3661,password123
user3662,password123
user3663,password123
user3664,password123
user3665,password123
user3666,password123
user3667,password123
user3668,password123
user3669,password123
user3670,password123
user3671,password123
user3672,password123
user3673,password123
user3674,password123
user3675,password123
user3676,password123
user3677,password123
user3678,password123
user3679,password123
user3680,password123
user3681,password123
user3682,password123
user3683,password123
user3684,password123
user3685,password123
user3686,password123
user3687,password123
user3688,password123
user3689,password123
user3690,password123
user3691,password123
user3692,password123
user3693,password123
user3694,password123
user3695,password123
user3696,password123
user3697,password123
user3698,password123
user3699,password123
user3700,password123
user3701,password123
user3702,password123
user3703,password123
user3704,password123
user3705,password123
user3706,password123
user3707,password123
user3708,password123
user3709,password123
user3710,password123
user3711,password123
user3712,password123
user3713,password123
user3714,password123
user3715,password123
user3716,password123
user3717,password123
user3718,password123
user3719,password123
user3720,password123
user3721,password123
user3722,password123
user3723,password123
user3724,password123
user3725,password123
user3726,password123
user3727,password123
user3728,password123
user3729,password123
user3730,password123
user3731,password123
user3732,password123
user3733,password123
user3734,password123
user3735,password123
user3736,password123
user3737,password123
user3738,password123
user3739,password123
user3740,password123
user3741,password123
user3742,password123
user3743,password123
user3744,password123
user3745,password123
user3746,password123
user3747,password123
user3748,password123
user3749,password123
user3750,password123
user3751,password123
user3752,password123
user3753,password123
user3754,password123
user3755,password123
user3756,password123
user3757,password123
user3758,password123
user3759,password123
user3760,password123
user3761,password123
user3762,password123
user3763,password123
user3764,password123
user3765,password123
user3766,password123
user3767,password123
user3768,password123
user3769,password123
user3770,password123
user3771,password123
user3772,password123
user3773,password123
user3774,password123
user3775,password123
user3776,password123
user3777,password123
user3778,password123
user3779,password123
user3780,password123
user3781,password123
user3782,password123
user3783,password123
user3784,password123
user3785,password123
user3786,password123
user3787,password123
user3788,password123
user3789,password123
user3790,password123
user3791,password123
user3792,password123
user3793,password123
user3794,password123
user3795,password123
user3796,password123
user3797,password123
user3798,password123
user3799,password123
user3800,password123
user3801,password123
user3802,password123
user3803,password123
user3804,password123
user3805,password123
user3806,password123
user3807,password123
user3808,password123
user3809,password123
user3810,password123
user3811,password123
user3812,password123
user3813,password123
user3814,password123
user3815,password123
user3816,password123
user3817,password123
user3818,password123
user3819,password123
user3820,password123
user3821,password123
user3822,password123
user3823,password123
user3824,password123
user3825,password123
user3826,password123
user3827,password123
user3828,password123
user3829,password123
user3830,password123
user3831,password123
user3832,password123
user3833,password123
user3834,password123
user3835,password123
user3836,password123
user3837,password123
user3838,password123
user3839,password123
user3840,password123
user3841,password123
user3842,password123
user3843,password123
user3844,password123
user3845,password123
user3846,password123
user3847,password123
user3848,password123
user3849,password123
user3850,password123
user3851,password123
user3852,password123
user3853,password123
user3854,password123
user3855,password123
user3856,password123
user3857,password123
user3858,password123
user3859,password123
user3860,password123
user3861,password123
user3862,password123
user3863,password123
user3864,password123
user3865,password123
user3866,password123
user3867,password123
user3868,password123
user3869,password123
user3870,password123
user3871,password123
user3872,password123
user3873,password123
user3874,password123
user3875,password123
user3876,password123
user3877,password123
user3878,password123
user3879,password123
user3880,password123
user3881,password123
user3882,password123
user3883,password123
user3884,password123
user3885,password123
user3886,password123
user3887,password123
user3888,password123
user3889,password123
user3890,password123
user3891,password123
user3892,password123
user3893,password123
user3894,password123
user3895,password123
user3896,password123
user3897,password123
user3898,password123
user3899,password123
user3900,password123
user3901,password123
user3902,password123
user3903,password123
user3904,password123
user3905,password123
user3906,password123
user3907,password123
user3908,password123
user3909,password123
user3910,password123
user3911,password123
user3912,password123
user3913,password123
user3914,password123
user3915,password123
user3916,password123
user3917,password123
user3918,password123
user3919,password123
user3920,password123
user3921,password123
user3922,password123
user3923,password123
user3924,password123
user3925,password123
user3926,password123
user3927,password123
user3928,password123
user3929,password123
user3930,password123
user3931,password123
user3932,password123
user3933,password123
user3934,password123
user3935,password123
user3936,password123
user3937,password123
user3938,password123
user3939,password123
user3940,password123
user3941,password123
user3942,password123
user3943,password123
user3944,password123
user3945,password123
user3946,password123
user3947,password123
user3948,password123
user3949,password123
user3950,password123
user3951,password123
user3952,password123
user3953,password123
user3954,password123
user3955,password123
user3956,password123
user3957,password123
user3958,password123
user3959,password123
user3960,password123
user3961,password123
user3962,password123
user3963,password123
user3964,password123
user3965,password123
user3966,password123
user3967,password123
user3968,password123
user3969,password123
user3970,password123
user3971,password123
user3972,password123
user3973,password123
user3974,password123
user3975,password123
user3976,password123
user3977,password123
user3978,password123
user3979,password123
user3980,password123
user3981,password123
user3982,password123
user3983,password123
user3984,password123
user3985,password123
user3986,password123
user3987,password123
user3988,password123
user3989,password123
user3990,password123
user3991,password123
user3992,password123
user3993,password123
user3994,password123
user3995,password123
user3996,password123
user3997,password123
user3998,password123
user3999,password123
user4000,password123
user4001,password123
user4002,password123
user4003,password123
user4004,password123
user4005,password123
user4006,password123
user4007,password123
user4008,password123
user4009,password123
user4010,password123
user4011,password123
user4012,password123
user4013,password123
user4014,password123
user4015,password123
user4016,password123
user4017,password123
user4018,password123
user4019,password123
user4020,password123
user4021,password123
user4022,password123
user4023,password123
user4024,password123
user4025,password123
user4026,password123
user4027,password123
user4028,password123
user4029,password123
user4030,password123
user4031,password123
user4032,password123
user4033,password123
user4034,password123
user4035,password123
user4036,password123
user4037,password123
user4038,password123
user4039,password123
user4040,password123
user4041,password123
user4042,password123
user4043,password123
user4044,password123
user4045,password123
user4046,password123
user4047,password123
user4048,password123
user4049,password123
user4050,password123
user4051,password123
user4052,password123
user4053,password123
user4054,password123
user4055,password123
user4056,password123
user4057,password123
user4058,password123
user4059,password123
user4060,password123
user4061,password123
user4062,password123
user4063,password123
user4064,password123
user4065,password123
user4066,password123
user4067,password123
user4068,password123
user4069,password123
user4070,password123
user4071,password123
user4072,password123
user4073,password123
user4074,password123
user4075,password123
user4076,password123
user4077,password123
user4078,password123
user4079,password123
user4080,password123
user4081,password123
user4082,password123
user4083,password123
user4084,password123
user4085,password123
user4086,password123
user4087,password123
user4088,password123
user4089,password123
user4090,password123
user4091,password123
user4092,password123
user4093,password123
user4094,password123
user4095,password123
user4096,password123
user4097,password123
user4098,password123
user4099,password123
user4100,password123
user4101,password123
user4102,password123
user4103,password123
user4104,password123
user4105,password123
user4106,password123
user4107,password123
user4108,password123
user4109,password123
user4110,password123
user4111,password123
user4112,password123
user4113,password123
user4114,password123
user4115,password123
user4116,password123
user4117,password123
user4118,password123
user4119,password123
user4120,password123
user4121,password123
user4122,password123
user4123,password123
user4124,password123
user4125,password123
user4126,password123
user4127,password123
user4128,password123
user4129,password123
user4130,password123
user4131,password123
user4132,password123
user4133,password123
user4134,password123
user4135,password123
user4136,password123
user4137,password123
user4138,password123
user4139,password123
user4140,password123
user4141,password123
user4142,password123
user4143,password123
user4144,password123
user4145,password123
user4146,password123
user4147,password123
user4148,password123
user4149,password123
user4150,password123
user4151,password123
user4152,password123
user4153,password123
user4154,password123
user4155,password123
user4156,password123
user4157,password123
user4158,password123
user4159,password123
user4160,password123
user4161,password123
user4162,password123
user4163,password123
user4164,password123
user4165,password123
user4166,password123
user4167,password123
user4168,password123
user4169,password123
user4170,password123
user4171,password123
user4172,password123
user4173,password123
user4174,password123
user4175,password123
user4176,password123
user4177,password123
user4178,password123
user4179,password123
user4180,password123
user4181,password123
user4182,password123
user4183,password123
user4184,password123
user4185,password123
user4186,password123
user4187,password123
user4188,password123
user4189,password123
user4190,password123
user4191,password123
user4192,password123
user4193,password123
user4194,password123
user4195,password123
user4196,password123
user4197,password123
user4198,password123
user4199,password123
user4200,password123
user4201,password123
user4202,password123
user4203,password123
user4204,password123
user4205,password123
user4206,password123
user4207,password123
user4208,password123
user4209,password123
user4210,password123
user4211,password123
user4212,password123
user4213,password123
user4214,password123
user4215,password123
user4216,password123
user4217,password123
user4218,password123
user4219,password123
user4220,password123
user4221,password123
user4222,password123
user4223,password123
user4224,password123
user4225,password123
user4226,password123
user4227,password123
user4228,password123
user4229,password123
user4230,password123
user4231,password123
user4232,password123
user4233,password123
user4234,password123
user4235,password123
user4236,password123
user4237,password123
user4238,password123
user4239,password123
user4240,password123
user4241,password123
user4242,password123
user4243,password123
user4244,password123
user4245,password123
user4246,password123
user4247,password123
user4248,password123
user4249,password123
user4250,password123
user4251,password123
user4252,password123
user4253,password123
user4254,password123
user4255,password123
user4256,password123
user4257,password123
user4258,password123
user4259,password123
user4260,password123
user4261,password123
user4262,password123
user4263,password123
user4264,password123
user4265,password123
user4266,password123
user4267,password123
user4268,password123
user4269,password123
user4270,password123
user4271,password123
user4272,password123
user4273,password123
user4274,password123
user4275,password123
user4276,password123
user4277,password123
user4278,password123
user4279,password123
user4280,password123
user4281,password123
user4282,password123
user4283,password123
user4284,password123
user4285,password123
user4286,password123
user4287,password123
user4288,password123
user4289,password123
user4290,password123
user4291,password123
user4292,password123
user4293,password123
user4294,password123
user4295,password123
user4296,password123
user4297,password123
user4298,password123
user4299,password123
user4300,password123
user4301,password123
user4302,password123
user4303,password123
user4304,password123
user4305,password123
user4306,password123
user4307,password123
user4308,password123
user4309,password123
user4310,password123
user4311,password123
user4312,password123
user4313,password123
user4314,password123
user4315,password123
user4316,password123
user4317,password123
user4318,password123
user4319,password123
user4320,password123
user4321,password123
user4322,password123
user4323,password123
user4324,password123
user4325,password123
user4326,password123
user4327,password123
user4328,password123
user4329,password123
user4330,password123
user4331,password123
user4332,password123
user4333,password123
user4334,password123
user4335,password123
user4336,password123
user4337,password123
user4338,password123
user4339,password123
user4340,password123
user4341,password123
user4342,password123
user4343,password123
user4344,password123
user4345,password123
user4346,password123
user4347,password123
user4348,password123
user4349,password123
user4350,password123
user4351,password123
user4352,password123
user4353,password123
user4354,password123
user4355,password123
user4356,password123
user4357,password123
user4358,password123
user4359,password123
user4360,password123
user4361,password123
user4362,password123
user4363,password123
user4364,password123
user4365,password123
user4366,password123
user4367,password123
user4368,password123
user4369,password123
user4370,password123
user4371,password123
user4372,password123
user4373,password123
user4374,password123
user4375,password123
user4376,password123
user4377,password123
user4378,password123
user4379,password123
user4380,password123
user4381,password123
user4382,password123
user4383,password123
user4384,password123
user4385,password123
user4386,password123
user4387,password123
user4388,password123
user4389,password123
user4390,password123
user4391,password123
user4392,password123
user4393,password123
user4394,password123
user4395,password123
user4396,password123
user4397,password123
user4398,password123
user4399,password123
user4400,password123
user4401,password123
user4402,password123
user4403,password123
user4404,password123
user4405,password123
user4406,password123
user4407,password123
user4408,password123
user4409,password123
user4410,password123
user4411,password123
user4412,password123
user4413,password123
user4414,password123
user4415,password123
user4416,password123
user4417,password123
user4418,password123
user4419,password123
user4420,password123
user4421,password123
user4422,password123
user4423,password123
user4424,password123
user4425,password123
user4426,password123
user4427,password123
user4428,password123
user4429,password123
user4430,password123
user4431,password123
user4432,password123
user4433,password123
user4434,password123
user4435,password123
user4436,password123
user4437,password123
user4438,password123
user4439,password123
user4440,password123
user4441,password123
user4442,password123
user4443,password123
user4444,password123
user4445,password123
user4446,password123
user4447,password123
user4448,password123
user4449,password123
user4450,password123
user4451,password123
user4452,password123
user4453,password123
user4454,password123
user4455,password123
user4456,password123
user4457,password123
user4458,password123
user4459,password123
user4460,password123
user4461,password123
user4462,password123
user4463,password123
user4464,password123
user4465,password123
user4466,password123
user4467,password123
user4468,password123
user4469,password123
user4470,password123
user4471,password123
user4472,password123
user4473,password123
user4474,password123
user4475,password123
user4476,password123
user4477,password123
user4478,password123
user4479,password123
user4480,password123
user4481,password123
user4482,password123
user4483,password123
user4484,password123
user4485,password123
user4486,password123
user4487,password123
user4488,password123
user4489,password123
user4490,password123
user4491,password123
user4492,password123
user4493,password123
user4494,password123
user4495,password123
user4496,password123
user4497,password123
user4498,password123
user4499,password123
user4500,password123
user4501,password123
user4502,password123
user4503,password123
user4504,password123
user4505,password123
user4506,password123
user4507,password123
user4508,password123
user4509,password123
user4510,password123
user4511,password123
user4512,password123
user4513,password123
user4514,password123
user4515,password123
user4516,password123
user4517,password123
user4518,password123
user4519,password123
user4520,password123
user4521,password123
user4522,password123
user4523,password123
user4524,password123
user4525,password123
user4526,password123
user4527,password123
user4528,password123
user4529,password123
user4530,password123
user4531,password123
user4532,password123
user4533,password123
user4534,password123
user4535,password123
user4536,password123
user4537,password123
user4538,password123
user4539,password123
user4540,password123
user4541,password123
user4542,password123
user4543,password123
user4544,password123
user4545,password123
user4546,password123
user4547,password123
user4548,password123
user4549,password123
user4550,password123
user4551,password123
user4552,password123
user4553,password123
user4554,password123
user4555,password123
user4556,password123
user4557,password123
user4558,password123
user4559,password123
user4560,password123
user4561,password123
user4562,password123
user4563,password123
user4564,password123
user4565,password123
user4566,password123
user4567,password123
user4568,password123
user4569,password123
user4570,password123
user4571,password123
user4572,password123
user4573,password123
user4574,password123
user4575,password123
user4576,password123
user4577,password123
user4578,password123
user4579,password123
user4580,password123
user4581,password123
user4582,password123
user4583,password123
user4584,password123
user4585,password123
user4586,password123
user4587,password123
user4588,password123
user4589,password123
user4590,password123
user4591,password123
user4592,password123
user4593,password123
user4594,password123
user4595,password123
user4596,password123
user4597,password123
user4598,password123
user4599,password123
user4600,password123
user4601,password123
user4602,password123
user4603,password123
user4604,password123
user4605,password123
user4606,password123
user4607,password123
user4608,password123
user4609,password123
user4610,password123
user4611,password123
user4612,password123
user4613,password123
user4614,password123
user4615,password123
user4616,password123
user4617,password123
user4618,password123
user4619,password123
user4620,password123
user4621,password123
user4622,password123
user4623,password123
user4624,password123
user4625,password123
user4626,password123
user4627,password123
user4628,password123
user4629,password123
user4630,password123
user4631,password123
user4632,password123
user4633,password123
user4634,password123
user4635,password123
user4636,password123
user4637,password123
user4638,password123
user4639,password123
user4640,password123
user4641,password123
user4642,password123
user4643,password123
user4644,password123
user4645,password123
user4646,password123
user4647,password123
user4648,password123
user4649,password123
user4650,password123
user4651,password123
user4652,password123
user4653,password123
user4654,password123
user4655,password123
user4656,password123
user4657,password123
user4658,password123
user4659,password123
user4660,password123
user4661,password123
user4662,password123
user4663,password123
user4664,password123
user4665,password123
user4666,password123
user4667,password123
user4668,password123
user4669,password123
user4670,password123
user4671,password123
user4672,password123
user4673,password123
user4674,password123
user4675,password123
user4676,password123
user4677,password123
user4678,password123
user4679,password123
user4680,password123
user4681,password123
user4682,password123
user4683,password123
user4684,password123
user4685,password123
user4686,password123
user4687,password123
user4688,password123
user4689,password123
user4690,password123
user4691,password123
user4692,password123
user4693,password123
user4694,password123
user4695,password123
user4696,password123
user4697,password123
user4698,password123
user4699,password123
user4700,password123
user4701,password123
user4702,password123
user4703,password123
user4704,password123
user4705,password123
user4706,password123
user4707,password123
user4708,password123
user4709,password123
user4710,password123
user4711,password123
user4712,password123
user4713,password123
user4714,password123
user4715,password123
user4716,password123
user4717,password123
user4718,password123
user4719,password123
user4720,password123
user4721,password123
user4722,password123
user4723,password123
user4724,password123
user4725,password123
user4726,password123
user4727,password123
user4728,password123
user4729,password123
user4730,password123
user4731,password123
user4732,password123
user4733,password123
user4734,password123
user4735,password123
user4736,password123
user4737,password123
user4738,password123
user4739,password123
user4740,password123
user4741,password123
user4742,password123
user4743,password123
user4744,password123
user4745,password123
user4746,password123
user4747,password123
user4748,password123
user4749,password123
user4750,password123
user4751,password123
user4752,password123
user4753,password123
user4754,password123
user4755,password123
user4756,password123
user4757,password123
user4758,password123
user4759,password123
user4760,password123
user4761,password123
user4762,password123
user4763,password123
user4764,password123
user4765,password123
user4766,password123
user4767,password123
user4768,password123
user4769,password123
user4770,password123
user4771,password123
user4772,password123
user4773,password123
user4774,password123
user4775,password123
user4776,password123
user4777,password123
user4778,password123
user4779,password123
user4780,password123
user4781,password123
user4782,password123
user4783,password123
user4784,password123
user4785,password123
user4786,password123
user4787,password123
user4788,password123
user4789,password123
user4790,password123
user4791,password123
user4792,password123
user4793,password123
user4794,password123
user4795,password123
user4796,password123
user4797,password123
user4798,password123
user4799,password123
user4800,password123
user4801,password123
user4802,password123
user4803,password123
user4804,password123
user4805,password123
user4806,password123
user4807,password123
user4808,password123
user4809,password123
user4810,password123
user4811,password123
user4812,password123
user4813,password123
user4814,password123
user4815,password123
user4816,password123
user4817,password123
user4818,password123
user4819,password123
user4820,password123
user4821,password123
user4822,password123
user4823,password123
user4824,password123
user4825,password123
user4826,password123
user4827,password123
user4828,password123
user4829,password123
user4830,password123
user4831,password123
user4832,password123
user4833,password123
user4834,password123
user4835,password123
user4836,password123
user4837,password123
user4838,password123
user4839,password123
user4840,password123
user4841,password123
user4842,password123
user4843,password123
user4844,password123
user4845,password123
user4846,password123
user4847,password123
user4848,password123
user4849,password123
user4850,password123
user4851,password123
user4852,password123
user4853,password123
user4854,password123
user4855,password123
user4856,password123
user4857,password123
user4858,password123
user4859,password123
user4860,password123
user4861,password123
user4862,password123
user4863,password123
user4864,password123
user4865,password123
user4866,password123
user4867,password123
user4868,password123
user4869,password123
user4870,password123
user4871,password123
user4872,password123
user4873,password123
user4874,password123
user4875,password123
user4876,password123
user4877,password123
user4878,password123
user4879,password123
user4880,password123
user4881,password123
user4882,password123
user4883,password123
user4884,password123
user4885,password123
user4886,password123
user4887,password123
user4888,password123
user4889,password123
user4890,password123
user4891,password123
user4892,password123
user4893,password123
user4894,password123
user4895,password123
user4896,password123
user4897,password123
user4898,password123
user4899,password123
user4900,password123
user4901,password123
user4902,password123
user4903,password123
user4904,password123
user4905,password123
user4906,password123
user4907,password123
user4908,password123
user4909,password123
user4910,password123
user4911,password123
user4912,password123
user4913,password123
user4914,password123
user4915,password123
user4916,password123
user4917,password123
user4918,password123
user4919,password123
user4920,password123
user4921,password123
user4922,password123
user4923,password123
user4924,password123
user4925,password123
user4926,password123
user4927,password123
user4928,password123
user4929,password123
user4930,password123
user4931,password123
user4932,password123
user4933,password123
user4934,password123
user4935,password123
user4936,password123
user4937,password123
user4938,password123
user4939,password123
user4940,password123
user4941,password123
user4942,password123
user4943,password123
user4944,password123
user4945,password123
user4946,password123
user4947,password123
user4948,password123
user4949,password123
user4950,password123
user4951,password123
user4952,password123
user4953,password123
user4954,password123
user4955,password123
user4956,password123
user4957,password123
user4958,password123
user4959,password123
user4960,password123
user4961,password123
user4962,password123
user4963,password123
user4964,password123
user4965,password123
user4966,password123
user4967,password123
user4968,password123
user4969,password123
user4970,password123
user4971,password123
user4972,password123
user4973,password123
user4974,password123
user4975,password123
user4976,password123
user4977,password123
user4978,password123
user4979,password123
user4980,password123
user4981,password123
user4982,password123
user4983,password123
user4984,password123
user4985,password123
user4986,password123
user4987,password123
user4988,password123
user4989,password123
user4990,password123
user4991,password123
user4992,password123
user4993,password123
user4994,password123
user4995,password123
user4996,password123
user4997,password123
user4998,password123
user4999,password123
user5000,password123
user5001,password123
user5002,password123
user5003,password123
user5004,password123
user5005,password123
user5006,password123
user5007,password123
user5008,password123
user5009,password123
user5010,password123
user5011,password123
user5012,password123
user5013,password123
user5014,password123
user5015,password123
user5016,password123
user5017,password123
user5018,password123
user5019,password123
user5020,password123
user5021,password123
user5022,password123
user5023,password123
user5024,password123
user5025,password123
user5026,password123
user5027,password123
user5028,password123
user5029,password123
user5030,password123
user5031,password123
user5032,password123
user5033,password123
user5034,password123
user5035,password123
user5036,password123
user5037,password123
user5038,password123
user5039,password123
user5040,password123
user5041,password123
user5042,password123
user5043,password123
user5044,password123
user5045,password123
user5046,password123
user5047,password123
user5048,password123
user5049,password123
user5050,password123
user5051,password123
user5052,password123
user5053,password123
user5054,password123
user5055,password123
user5056,password123
user5057,password123
user5058,password123
user5059,password123
user5060,password123
user5061,password123
user5062,password123
user5063,password123
user5064,password123
user5065,password123
user5066,password123
user5067,password123
user5068,password123
user5069,password123
user5070,password123
user5071,password123
user5072,password123
user5073,password123
user5074,password123
user5075,password123
user5076,password123
user5077,password123
user5078,password123
user5079,password123
user5080,password123
user5081,password123
user5082,password123
user5083,password123
user5084,password123
user5085,password123
user5086,password123
user5087,password123
user5088,password123
user5089,password123
user5090,password123
user5091,password123
user5092,password123
user5093,password123
user5094,password123
user5095,password123
user5096,password123
user5097,password123
user5098,password123
user5099,password123
user5100,password123
user5101,password123
user5102,password123
user5103,password123
user5104,password123
user5105,password123
user5106,password123
user5107,password123
user5108,password123
user5109,password123
user5110,password123
user5111,password123
user5112,password123
user5113,password123
user5114,password123
user5115,password123
user5116,password123
user5117,password123
user5118,password123
user5119,password123
user5120,password123
user5121,password123
user5122,password123
user5123,password123
user5124,password123
user5125,password123
user5126,password123
user5127,password123
user5128,password123
user5129,password123
user5130,password123
user5131,password123
user5132,password123
user5133,password123
user5134,password123
user5135,password123
user5136,password123
user5137,password123
user5138,password123
user5139,password123
user5140,password123
user5141,password123
user5142,password123
user5143,password123
user5144,password123
user5145,password123
user5146,password123
user5147,password123
user5148,password123
user5149,password123
user5150,password123
user5151,password123
user5152,password123
user5153,password123
user5154,password123
user5155,password123
user5156,password123
user5157,password123
user5158,password123
user5159,password123
user5160,password123
user5161,password123
user5162,password123
user5163,password123
user5164,password123
user5165,password123
user5166,password123
user5167,password123
user5168,password123
user5169,password123
user5170,password123
user5171,password123
user5172,password123
user5173,password123
user5174,password123
user5175,password123
user5176,password123
user5177,password123
user5178,password123
user5179,password123
user5180,password123
user5181,password123
user5182,password123
user5183,password123
user5184,password123
user5185,password123
user5186,password123
user5187,password123
user5188,password123
user5189,password123
user5190,password123
user5191,password123
user5192,password123
user5193,password123
user5194,password123
user5195,password123
user5196,password123
user5197,password123
user5198,password123
user5199,password123
user5200,password123
user5201,password123
user5202,password123
user5203,password123
user5204,password123
user5205,password123
user5206,password123
user5207,password123
user5208,password123
user5209,password123
user5210,password123
user5211,password123
user5212,password123
user5213,password123
user5214,password123
user5215,password123
user5216,password123
user5217,password123
user5218,password123
user5219,password123
user5220,password123
user5221,password123
user5222,password123
user5223,password123
user5224,password123
user5225,password123
user5226,password123
user5227,password123
user5228,password123
user5229,password123
user5230,password123
user5231,password123
user5232,password123
user5233,password123
user5234,password123
user5235,password123
user5236,password123
user5237,password123
user5238,password123
user5239,password123
user5240,password123
user5241,password123
user5242,password123
user5243,password123
user5244,password123
user5245,password123
user5246,password123
user5247,password123
user5248,password123
user5249,password123
user5250,password123
user5251,password123
user5252,password123
user5253,password123
user5254,password123
user5255,password123
user5256,password123
user5257,password123
user5258,password123
user5259,password123
user5260,password123
user5261,password123
user5262,password123
user5263,password123
user5264,password123
user5265,password123
user5266,password123
user5267,password123
user5268,password123
user5269,password123
user5270,password123
user5271,password123
user5272,password123
user5273,password123
user5274,password123
user5275,password123
user5276,password123
user5277,password123
user5278,password123
user5279,password123
user5280,password123
user5281,password123
user5282,password123
user5283,password123
user5284,password123
user5285,password123
user5286,password123
user5287,password123
user5288,password123
user5289,password123
user5290,password123
user5291,password123
user5292,password123
user5293,password123
user5294,password123
user5295,password123
user5296,password123
user5297,password123
user5298,password123
user5299,password123
user5300,password123
user5301,password123
user5302,password123
user5303,password123
user5304,password123
user5305,password123
user5306,password123
user5307,password123
user5308,password123
user5309,password123
user5310,password123
user5311,password123
user5312,password123
user5313,password123
user5314,password123
user5315,password123
user5316,password123
user5317,password123
user5318,password123
user5319,password123
user5320,password123
user5321,password123
user5322,password123
user5323,password123
user5324,password123
user5325,password123
user5326,password123
user5327,password123
user5328,password123
user5329,password123
user5330,password123
user5331,password123
user5332,password123
user5333,password123
user5334,password123
user5335,password123
user5336,password123
user5337,password123
user5338,password123
user5339,password123
user5340,password123
user5341,password123
user5342,password123
user5343,password123
user5344,password123
user5345,password123
user5346,password123
user5347,password123
user5348,password123
user5349,password123
user5350,password123
user5351,password123
user5352,password123
user5353,password123
user5354,password123
user5355,password123
user5356,password123
user5357,password123
user5358,password123
user5359,password123
user5360,password123
user5361,password123
user5362,password123
user5363,password123
user5364,password123
user5365,password123
user5366,password123
user5367,password123
user5368,password123
user5369,password123
user5370,password123
user5371,password123
user5372,password123
user5373,password123
user5374,password123
user5375,password123
user5376,password123
user5377,password123
user5378,password123
user5379,password123
user5380,password123
user5381,password123
user5382,password123
user5383,password123
user5384,password123
user5385,password123
user5386,password123
user5387,password123
user5388,password123
user5389,password123
user5390,password123
user5391,password123
user5392,password123
user5393,password123
user5394,password123
user5395,password123
user5396,password123
user5397,password123
user5398,password123
user5399,password123
user5400,password123
user5401,password123
user5402,password123
user5403,password123
user5404,password123
user5405,password123
user5406,password123
user5407,password123
user5408,password123
user5409,password123
user5410,password123
user5411,password123
user5412,password123
user5413,password123
user5414,password123
user5415,password123
user5416,password123
user5417,password123
user5418,password123
user5419,password123
user5420,password123
user5421,password123
user5422,password123
user5423,password123
user5424,password123
user5425,password123
user5426,password123
user5427,password123
user5428,password123
user5429,password123
user5430,password123
user5431,password123
user5432,password123
user5433,password123
user5434,password123
user5435,password123
user5436,password123
user5437,password123
user5438,password123
user5439,password123
user5440,password123
user5441,password123
user5442,password123
user5443,password123
user5444,password123
user5445,password123
user5446,password123
user5447,password123
user5448,password123
user5449,password123
user5450,password123
user5451,password123
user5452,password123
user5453,password123
user5454,password123
user5455,password123
user5456,password123
user5457,password123
user5458,password123
user5459,password123
user5460,password123
user5461,password123
user5462,password123
user5463,password123
user5464,password123
user5465,password123
user5466,password123
user5467,password123
user5468,password123
user5469,password123
user5470,password123
user5471,password123
user5472,password123
user5473,password123
user5474,password123
user5475,password123
user5476,password123
user5477,password123
user5478,password123
user5479,password123
user5480,password123
user5481,password123
user5482,password123
user5483,password123
user5484,password123
user5485,password123
user5486,password123
user5487,password123
user5488,password123
user5489,password123
user5490,password123
user5491,password123
user5492,password123
user5493,password123
user5494,password123
user5495,password123
user5496,password123
user5497,password123
user5498,password123
user5499,password123
user5500,password123
user5501,password123
user5502,password123
user5503,password123
user5504,password123
user5505,password123
user5506,password123
user5507,password123
user5508,password123
user5509,password123
user5510,password123
user5511,password123
user5512,password123
user5513,password123
user5514,password123
user5515,password123
user5516,password123
user5517,password123
user5518,password123
user5519,password123
user5520,password123
user5521,password123
user5522,password123
user5523,password123
user5524,password123
user5525,password123
user5526,password123
user5527,password123
user5528,password123
user5529,password123
user5530,password123
user5531,password123
user5532,password123
user5533,password123
user5534,password123
user5535,password123
user5536,password123
user5537,password123
user5538,password123
user5539,password123
user5540,password123
user5541,password123
user5542,password123
user5543,password123
user5544,password123
user5545,password123
user5546,password123
user5547,password123
user5548,password123
user5549,password123
user5550,password123
user5551,password123
user5552,password123
user5553,password123
user5554,password123
user5555,password123
user5556,password123
user5557,password123
user5558,password123
user5559,password123
user5560,password123
user5561,password123
user5562,password123
user5563,password123
user5564,password123
user5565,password123
user5566,password123
user5567,password123
user5568,password123
user5569,password123
user5570,password123
user5571,password123
user5572,password123
user5573,password123
user5574,password123
user5575,password123
user5576,password123
user5577,password123
user5578,password123
user5579,password123
user5580,password123
user5581,password123
user5582,password123
user5583,password123
user5584,password123
user5585,password123
user5586,password123
user5587,password123
user5588,password123
user5589,password123
user5590,password123
user5591,password123
user5592,password123
user5593,password123
user5594,password123
user5595,password123
user5596,password123
user5597,password123
user5598,password123
user5599,password123
user5600,password123
user5601,password123
user5602,password123
user5603,password123
user5604,password123
user5605,password123
user5606,password123
user5607,password123
user5608,password123
user5609,password123
user5610,password123
user5611,password123
user5612,password123
user5613,password123
user5614,password123
user5615,password123
user5616,password123
user5617,password123
user5618,password123
user5619,password123
user5620,password123
user5621,password123
user5622,password123
user5623,password123
user5624,password123
user5625,password123
user5626,password123
user5627,password123
user5628,password123
user5629,password123
user5630,password123
user5631,password123
user5632,password123
user5633,password123
user5634,password123
user5635,password123
user5636,password123
user5637,password123
user5638,password123
user5639,password123
user5640,password123
user5641,password123
user5642,password123
user5643,password123
user5644,password123
user5645,password123
user5646,password123
user5647,password123
user5648,password123
user5649,password123
user5650,password123
user5651,password123
user5652,password123
user5653,password123
user5654,password123
user5655,password123
user5656,password123
user5657,password123
user5658,password123
user5659,password123
user5660,password123
user5661,password123
user5662,password123
user5663,password123
user5664,password123
user5665,password123
user5666,password123
user5667,password123
user5668,password123
user5669,password123
user5670,password123
user5671,password123
user5672,password123
user5673,password123
user5674,password123
user5675,password123
user5676,password123
user5677,password123
user5678,password123
user5679,password123
user5680,password123
user5681,password123
user5682,password123
user5683,password123
user5684,password123
user5685,password123
user5686,password123
user5687,password123
user5688,password123
user5689,password123
user5690,password123
user5691,password123
user5692,password123
user5693,password123
user5694,password123
user5695,password123
user5696,password123
user5697,password123
user5698,password123
user5699,password123
user5700,password123
user5701,password123
user5702,password123
user5703,password123
user5704,password123
user5705,password123
user5706,password123
user5707,password123
user5708,password123
user5709,password123
user5710,password123
user5711,password123
user5712,password123
user5713,password123
user5714,password123
user5715,password123
user5716,password123
user5717,password123
user5718,password123
user5719,password123
user5720,password123
user5721,password123
user5722,password123
user5723,password123
user5724,password123
user5725,password123
user5726,password123
user5727,password123
user5728,password123
user5729,password123
user5730,password123
user5731,password123
user5732,password123
user5733,password123
user5734,password123
user5735,password123
user5736,password123
user5737,password123
user5738,password123
user5739,password123
user5740,password123
user5741,password123
user5742,password123
user5743,password123
user5744,password123
user5745,password123
user5746,password123
user5747,password123
user5748,password123
user5749,password123
user5750,password123
user5751,password123
user5752,password123
user5753,password123
user5754,password123
user5755,password123
user5756,password123
user5757,password123
user5758,password123
user5759,password123
user5760,password123
user5761,password123
user5762,password123
user5763,password123
user5764,password123
user5765,password123
user5766,password123
user5767,password123
user5768,password123
user5769,password123
user5770,password123
user5771,password123
user5772,password123
user5773,password123
user5774,password123
user5775,password123
user5776,password123
user5777,password123
user5778,password123
user5779,password123
user5780,password123
user5781,password123
user5782,password123
user5783,password123
user5784,password123
user5785,password123
user5786,password123
user5787,password123
user5788,password123
user5789,password123
user5790,password123
user5791,password123
user5792,password123
user5793,password123
user5794,password123
user5795,password123
user5796,password123
user5797,password123
user5798,password123
user5799,password123
user5800,password123
user5801,password123
user5802,password123
user5803,password123
user5804,password123
user5805,password123
user5806,password123
user5807,password123
user5808,password123
user5809,password123
user5810,password123
user5811,password123
user5812,password123
user5813,password123
user5814,password123
user5815,password123
user5816,password123
user5817,password123
user5818,password123
user5819,password123
user5820,password123
user5821,password123
user5822,password123
user5823,password123
user5824,password123
user5825,password123
user5826,password123
user5827,password123
user5828,password123
user5829,password123
user5830,password123
user5831,password123
user5832,password123
user5833,password123
user5834,password123
user5835,password123
user5836,password123
user5837,password123
user5838,password123
user5839,password123
user5840,password123
user5841,password123
user5842,password123
user5843,password123
user5844,password123
user5845,password123
user5846,password123
user5847,password123
user5848,password123
user5849,password123
user5850,password123
user5851,password123
user5852,password123
user5853,password123
user5854,password123
user5855,password123
user5856,password123
user5857,password123
user5858,password123
user5859,password123
user5860,password123
user5861,password123
user5862,password123
user5863,password123
user5864,password123
user5865,password123
user5866,password123
user5867,password123
user5868,password123
user5869,password123
user5870,password123
user5871,password123
user5872,password123
user5873,password123
user5874,password123
user5875,password123
user5876,password123
user5877,password123
user5878,password123
user5879,password123
user5880,password123
user5881,password123
user5882,password123
user5883,password123
user5884,password123
user5885,password123
user5886,password123
user5887,password123
user5888,password123
user5889,password123
user5890,password123
user5891,password123
user5892,password123
user5893,password123
user5894,password123
user5895,password123
user5896,password123
user5897,password123
user5898,password123
user5899,password123
user5900,password123
user5901,password123
user5902,password123
user5903,password123
user5904,password123
user5905,password123
user5906,password123
user5907,password123
user5908,password123
user5909,password123
user5910,password123
user5911,password123
user5912,password123
user5913,password123
user5914,password123
user5915,password123
user5916,password123
user5917,password123
user5918,password123
user5919,password123
user5920,password123
user5921,password123
user5922,password123
user5923,password123
user5924,password123
user5925,password123
user5926,password123
user5927,password123
user5928,password123
user5929,password123
user5930,password123
user5931,password123
user5932,password123
user5933,password123
user5934,password123
user5935,password123
user5936,password123
user5937,password123
user5938,password123
user5939,password123
user5940,password123
user5941,password123
user5942,password123
user5943,password123
user5944,password123
user5945,password123
user5946,password123
user5947,password123
user5948,password123
user5949,password123
user5950,password123
user5951,password123
user5952,password123
user5953,password123
user5954,password123
user5955,password123
user5956,password123
user5957,password123
user5958,password123
user5959,password123
user5960,password123
user5961,password123
user5962,password123
user5963,password123
user5964,password123
user5965,password123
user5966,password123
user5967,password123
user5968,password123
user5969,password123
user5970,password123
user5971,password123
user5972,password123
user5973,password123
user5974,password123
user5975,password123
user5976,password123
user5977,password123
user5978,password123
user5979,password123
user5980,password123
user5981,password123
user5982,password123
user5983,password123
user5984,password123
user5985,password123
user5986,password123
user5987,password123
user5988,password123
user5989,password123
user5990,password123
user5991,password123
user5992,password123
user5993,password123
user5994,password123
user5995,password123
user5996,password123
user5997,password123
user5998,password123
user5999,password123
user6000,password123
user6001,password123
user6002,password123
user6003,password123
user6004,password123
user6005,password123
user6006,password123
user6007,password123
user6008,password123
user6009,password123
user6010,password123
user6011,password123
user6012,password123
user6013,password123
user6014,password123
user6015,password123
user6016,password123
user6017,password123
user6018,password123
user6019,password123
user6020,password123
user6021,password123
user6022,password123
user6023,password123
user6024,password123
user6025,password123
user6026,password123
user6027,password123
user6028,password123
user6029,password123
user6030,password123
user6031,password123
user6032,password123
user6033,password123
user6034,password123
user6035,password123
user6036,password123
user6037,password123
user6038,password123
user6039,password123
user6040,password123
user6041,password123
user6042,password123
user6043,password123
user6044,password123
user6045,password123
user6046,password123
user6047,password123
user6048,password123
user6049,password123
user6050,password123
user6051,password123
user6052,password123
user6053,password123
user6054,password123
user6055,password123
user6056,password123
user6057,password123
user6058,password123
user6059,password123
user6060,password123
user6061,password123
user6062,password123
user6063,password123
user6064,password123
user6065,password123
user6066,password123
user6067,password123
user6068,password123
user6069,password123
user6070,password123
user6071,password123
user6072,password123
user6073,password123
user6074,password123
user6075,password123
user6076,password123
user6077,password123
user6078,password123
user6079,password123
user6080,password123
user6081,password123
user6082,password123
user6083,password123
user6084,password123
user6085,password123
user6086,password123
user6087,password123
user6088,password123
user6089,password123
user6090,password123
user6091,password123
user6092,password123
user6093,password123
user6094,password123
user6095,password123
user6096,password123
user6097,password123
user6098,password123
user6099,password123
user6100,password123
user6101,password123
user6102,password123
user6103,password123
user6104,password123
user6105,password123
user6106,password123
user6107,password123
user6108,password123
user6109,password123
user6110,password123
user6111,password123
user6112,password123
user6113,password123
user6114,password123
user6115,password123
user6116,password123
user6117,password123
user6118,password123
user6119,password123
user6120,password123
user6121,password123
user6122,password123
user6123,password123
user6124,password123
user6125,password123
user6126,password123
user6127,password123
user6128,password123
user6129,password123
user6130,password123
user6131,password123
user6132,password123
user6133,password123
user6134,password123
user6135,password123
user6136,password123
user6137,password123
user6138,password123
user6139,password123
user6140,password123
user6141,password123
user6142,password123
user6143,password123
user6144,password123
user6145,password123
user6146,password123
user6147,password123
user6148,password123
user6149,password123
user6150,password123
user6151,password123
user6152,password123
user6153,password123
user6154,password123
user6155,password123
user6156,password123
user6157,password123
user6158,password123
user6159,password123
user6160,password123
user6161,password123
user6162,password123
user6163,password123
user6164,password123
user6165,password123
user6166,password123
user6167,password123
user6168,password123
user6169,password123
user6170,password123
user6171,password123
user6172,password123
user6173,password123
user6174,password123
user6175,password123
user6176,password123
user6177,password123
user6178,password123
user6179,password123
user6180,password123
user6181,password123
user6182,password123
user6183,password123
user6184,password123
user6185,password123
user6186,password123
user6187,password123
user6188,password123
user6189,password123
user6190,password123
user6191,password123
user6192,password123
user6193,password123
user6194,password123
user6195,password123
user6196,password123
user6197,password123
user6198,password123
user6199,password123
user6200,password123
user6201,password123
user6202,password123
user6203,password123
user6204,password123
user6205,password123
user6206,password123
user6207,password123
user6208,password123
user6209,password123
user6210,password123
user6211,password123
user6212,password123
user6213,password123
user6214,password123
user6215,password123
user6216,password123
user6217,password123
user6218,password123
user6219,password123
user6220,password123
user6221,password123
user6222,password123
user6223,password123
user6224,password123
user6225,password123
user6226,password123
user6227,password123
user6228,password123
user6229,password123
user6230,password123
user6231,password123
user6232,password123
user6233,password123
user6234,password123
user6235,password123
user6236,password123
user6237,password123
user6238,password123
user6239,password123
user6240,password123
user6241,password123
user6242,password123
user6243,password123
user6244,password123
user6245,password123
user6246,password123
user6247,password123
user6248,password123
user6249,password123
user6250,password123
user6251,password123
user6252,password123
user6253,password123
user6254,password123
user6255,password123
user6256,password123
user6257,password123
user6258,password123
user6259,password123
user6260,password123
user6261,password123
user6262,password123
user6263,password123
user6264,password123
user6265,password123
user6266,password123
user6267,password123
user6268,password123
user6269,password123
user6270,password123
user6271,password123
user6272,password123
user6273,password123
user6274,password123
user6275,password123
user6276,password123
user6277,password123
user6278,password123
user6279,password123
user6280,password123
user6281,password123
user6282,password123
user6283,password123
user6284,password123
user6285,password123
user6286,password123
user6287,password123
user6288,password123
user6289,password123
user6290,password123
user6291,password123
user6292,password123
user6293,password123
user6294,password123
user6295,password123
user6296,password123
user6297,password123
user6298,password123
user6299,password123
user6300,password123
user6301,password123
user6302,password123
user6303,password123
user6304,password123
user6305,password123
user6306,password123
user6307,password123
user6308,password123
user6309,password123
user6310,password123
user6311,password123
user6312,password123
user6313,password123
user6314,password123
user6315,password123
user6316,password123
user6317,password123
user6318,password123
user6319,password123
user6320,password123
user6321,password123
user6322,password123
user6323,password123
user6324,password123
user6325,password123
user6326,password123
user6327,password123
user6328,password123
user6329,password123
user6330,password123
user6331,password123
user6332,password123
user6333,password123
user6334,password123
user6335,password123
user6336,password123
user6337,password123
user6338,password123
user6339,password123
user6340,password123
user6341,password123
user6342,password123
user6343,password123
user6344,password123
user6345,password123
user6346,password123
user6347,password123
user6348,password123
user6349,password123
user6350,password123
user6351,password123
user6352,password123
user6353,password123
user6354,password123
user6355,password123
user6356,password123
user6357,password123
user6358,password123
user6359,password123
user6360,password123
user6361,password123
user6362,password123
user6363,password123
user6364,password123
user6365,password123
user6366,password123
user6367,password123
user6368,password123
user6369,password123
user6370,password123
user6371,password123
user6372,password123
user6373,password123
user6374,password123
user6375,password123
user6376,password123
user6377,password123
user6378,password123
user6379,password123
user6380,password123
user6381,password123
user6382,password123
user6383,password123
user6384,password123
user6385,password123
user6386,password123
user6387,password123
user6388,password123
user6389,password123
user6390,password123
user6391,password123
user6392,password123
user6393,password123
user6394,password123
user6395,password123
user6396,password123
user6397,password123
user6398,password123
user6399,password123
user6400,password123
user6401,password123
user6402,password123
user6403,password123
user6404,password123
user6405,password123
user6406,password123
user6407,password123
user6408,password123
user6409,password123
user6410,password123
user6411,password123
user6412,password123
user6413,password123
user6414,password123
user6415,password123
user6416,password123
user6417,password123
user6418,password123
user6419,password123
user6420,password123
user6421,password123
user6422,password123
user6423,password123
user6424,password123
user6425,password123
user6426,password123
user6427,password123
user6428,password123
user6429,password123
user6430,password123
user6431,password123
user6432,password123
user6433,password123
user6434,password123
user6435,password123
user6436,password123
user6437,password123
user6438,password123
user6439,password123
user6440,password123
user6441,password123
user6442,password123
user6443,password123
user6444,password123
user6445,password123
user6446,password123
user6447,password123
user6448,password123
user6449,password123
user6450,password123
user6451,password123
user6452,password123
user6453,password123
user6454,password123
user6455,password123
user6456,password123
user6457,password123
user6458,password123
user6459,password123
user6460,password123
user6461,password123
user6462,password123
user6463,password123
user6464,password123
user6465,password123
user6466,password123
user6467,password123
user6468,password123
user6469,password123
user6470,password123
user6471,password123
user6472,password123
user6473,password123
user6474,password123
user6475,password123
user6476,password123
user6477,password123
user6478,password123
user6479,password123
user6480,password123
user6481,password123
user6482,password123
user6483,password123
user6484,password123
user6485,password123
user6486,password123
user6487,password123
user6488,password123
user6489,password123
user6490,password123
user6491,password123
user6492,password123
user6493,password123
user6494,password123
user6495,password123
user6496,password123
user6497,password123
user6498,password123
user6499,password123
user6500,password123
user6501,password123
user6502,password123
user6503,password123
user6504,password123
user6505,password123
user6506,password123
user6507,password123
user6508,password123
user6509,password123
user6510,password123
user6511,password123
user6512,password123
user6513,password123
user6514,password123
user6515,password123
user6516,password123
user6517,password123
user6518,password123
user6519,password123
user6520,password123
user6521,password123
user6522,password123
user6523,password123
user6524,password123
user6525,password123
user6526,password123
user6527,password123
user6528,password123
user6529,password123
user6530,password123
user6531,password123
user6532,password123
user6533,password123
user6534,password123
user6535,password123
user6536,password123
user6537,password123
user6538,password123
user6539,password123
user6540,password123
user6541,password123
user6542,password123
user6543,password123
user6544,password123
user6545,password123
user6546,password123
user6547,password123
user6548,password123
user6549,password123
user6550,password123
user6551,password123
user6552,password123
user6553,password123
user6554,password123
user6555,password123
user6556,password123
user6557,password123
user6558,password123
user6559,password123
user6560,password123
user6561,password123
user6562,password123
user6563,password123
user6564,password123
user6565,password123
user6566,password123
user6567,password123
user6568,password123
user6569,password123
user6570,password123
user6571,password123
user6572,password123
user6573,password123
user6574,password123
user6575,password123
user6576,password123
user6577,password123
user6578,password123
user6579,password123
user6580,password123
user6581,password123
user6582,password123
user6583,password123
user6584,password123
user6585,password123
user6586,password123
user6587,password123
user6588,password123
user6589,password123
user6590,password123
user6591,password123
user6592,password123
user6593,password123
user6594,password123
user6595,password123
user6596,password123
user6597,password123
user6598,password123
user6599,password123
user6600,password123
user6601,password123
user6602,password123
user6603,password123
user6604,password123
user6605,password123
user6606,password123
user6607,password123
user6608,password123
user6609,password123
user6610,password123
user6611,password123
user6612,password123
user6613,password123
user6614,password123
user6615,password123
user6616,password123
user6617,password123
user6618,password123
user6619,password123
user6620,password123
user6621,password123
user6622,password123
user6623,password123
user6624,password123
user6625,password123
user6626,password123
user6627,password123
user6628,password123
user6629,password123
user6630,password123
user6631,password123
user6632,password123
user6633,password123
user6634,password123
user6635,password123
user6636,password123
user6637,password123
user6638,password123
user6639,password123
user6640,password123
user6641,password123
user6642,password123
user6643,password123
user6644,password123
user6645,password123
user6646,password123
user6647,password123
user6648,password123
user6649,password123
user6650,password123
user6651,password123
user6652,password123
user6653,password123
user6654,password123
user6655,password123
user6656,password123
user6657,password123
user6658,password123
user6659,password123
user6660,password123
user6661,password123
user6662,password123
user6663,password123
user6664,password123
user6665,password123
user6666,password123
user6667,password123
user6668,password123
user6669,password123
user6670,password123
user6671,password123
user6672,password123
user6673,password123
user6674,password123
user6675,password123
user6676,password123
user6677,password123
user6678,password123
user6679,password123
user6680,password123
user6681,password123
user6682,password123
user6683,password123
user6684,password123
user6685,password123
user6686,password123
user6687,password123
user6688,password123
user6689,password123
user6690,password123
user6691,password123
user6692,password123
user6693,password123
user6694,password123
user6695,password123
user6696,password123
user6697,password123
user6698,password123
user6699,password123
user6700,password123
user6701,password123
user6702,password123
user6703,password123
user6704,password123
user6705,password123
user6706,password123
user6707,password123
user6708,password123
user6709,password123
user6710,password123
user6711,password123
user6712,password123
user6713,password123
user6714,password123
user6715,password123
user6716,password123
user6717,password123
user6718,password123
user6719,password123
user6720,password123
user6721,password123
user6722,password123
user6723,password123
user6724,password123
user6725,password123
user6726,password123
user6727,password123
user6728,password123
user6729,password123
user6730,password123
user6731,password123
user6732,password123
user6733,password123
user6734,password123
user6735,password123
user6736,password123
user6737,password123
user6738,password123
user6739,password123
user6740,password123
user6741,password123
user6742,password123
user6743,password123
user6744,password123
user6745,password123
user6746,password123
user6747,password123
user6748,password123
user6749,password123
user6750,password123
user6751,password123
user6752,password123
user6753,password123
user6754,password123
user6755,password123
user6756,password123
user6757,password123
user6758,password123
user6759,password123
user6760,password123
user6761,password123
user6762,password123
user6763,password123
user6764,password123
user6765,password123
user6766,password123
user6767,password123
user6768,password123
user6769,password123
user6770,password123
user6771,password123
user6772,password123
user6773,password123
user6774,password123
user6775,password123
user6776,password123
user6777,password123
user6778,password123
user6779,password123
user6780,password123
user6781,password123
user6782,password123
user6783,password123
user6784,password123
user6785,password123
user6786,password123
user6787,password123
user6788,password123
user6789,password123
user6790,password123
user6791,password123
user6792,password123
user6793,password123
user6794,password123
user6795,password123
user6796,password123
user6797,password123
user6798,password123
user6799,password123
user6800,password123
user6801,password123
user6802,password123
user6803,password123
user6804,password123
user6805,password123
user6806,password123
user6807,password123
user6808,password123
user6809,password123
user6810,password123
user6811,password123
user6812,password123
user6813,password123
user6814,password123
user6815,password123
user6816,password123
user6817,password123
user6818,password123
user6819,password123
user6820,password123
user6821,password123
user6822,password123
user6823,password123
user6824,password123
user6825,password123
user6826,password123
user6827,password123
user6828,password123
user6829,password123
user6830,password123
user6831,password123
user6832,password123
user6833,password123
user6834,password123
user6835,password123
user6836,password123
user6837,password123
user6838,password123
user6839,password123
user6840,password123
user6841,password123
user6842,password123
user6843,password123
user6844,password123
user6845,password123
user6846,password123
user6847,password123
user6848,password123
user6849,password123
user6850,password123
user6851,password123
user6852,password123
user6853,password123
user6854,password123
user6855,password123
user6856,password123
user6857,password123
user6858,password123
user6859,password123
user6860,password123
user6861,password123
user6862,password123
user6863,password123
user6864,password123
user6865,password123
user6866,password123
user6867,password123
user6868,password123
user6869,password123
user6870,password123
user6871,password123
user6872,password123
user6873,password123
user6874,password123
user6875,password123
user6876,password123
user6877,password123
user6878,password123
user6879,password123
user6880,password123
user6881,password123
user6882,password123
user6883,password123
user6884,password123
user6885,password123
user6886,password123
user6887,password123
user6888,password123
user6889,password123
user6890,password123
user6891,password123
user6892,password123
user6893,password123
user6894,password123
user6895,password123
user6896,password123
user6897,password123
user6898,password123
user6899,password123
user6900,password123
user6901,password123
user6902,password123
user6903,password123
user6904,password123
user6905,password123
user6906,password123
user6907,password123
user6908,password123
user6909,password123
user6910,password123
user6911,password123
user6912,password123
user6913,password123
user6914,password123
user6915,password123
user6916,password123
user6917,password123
user6918,password123
user6919,password123
user6920,password123
user6921,password123
user6922,password123
user6923,password123
user6924,password123
user6925,password123
user6926,password123
user6927,password123
user6928,password123
user6929,password123
user6930,password123
user6931,password123
user6932,password123
user6933,password123
user6934,password123
user6935,password123
user6936,password123
user6937,password123
user6938,password123
user6939,password123
user6940,password123
user6941,password123
user6942,password123
user6943,password123
user6944,password123
user6945,password123
user6946,password123
user6947,password123
user6948,password123
user6949,password123
user6950,password123
user6951,password123
user6952,password123
user6953,password123
user6954,password123
user6955,password123
user6956,password123
user6957,password123
user6958,password123
user6959,password123
user6960,password123
user6961,password123
user6962,password123
user6963,password123
user6964,password123
user6965,password123
user6966,password123
user6967,password123
user6968,password123
user6969,password123
user6970,password123
user6971,password123
user6972,password123
user6973,password123
user6974,password123
user6975,password123
user6976,password123
user6977,password123
user6978,password123
user6979,password123
user6980,password123
user6981,password123
user6982,password123
user6983,password123
user6984,password123
user6985,password123
user6986,password123
user6987,password123
user6988,password123
user6989,password123
user6990,password123
user6991,password123
user6992,password123
user6993,password123
user6994,password123
user6995,password123
user6996,password123
user6997,password123
user6998,password123
user6999,password123
user7000,password123
user7001,password123
user7002,password123
user7003,password123
user7004,password123
user7005,password123
user7006,password123
user7007,password123
user7008,password123
user7009,password123
user7010,password123
user7011,password123
user7012,password123
user7013,password123
user7014,password123
user7015,password123
user7016,password123
user7017,password123
user7018,password123
user7019,password123
user7020,password123
user7021,password123
user7022,password123
user7023,password123
user7024,password123
user7025,password123
user7026,password123
user7027,password123
user7028,password123
user7029,password123
user7030,password123
user7031,password123
user7032,password123
user7033,password123
user7034,password123
user7035,password123
user7036,password123
user7037,password123
user7038,password123
user7039,password123
user7040,password123
user7041,password123
user7042,password123
user7043,password123
user7044,password123
user7045,password123
user7046,password123
user7047,password123
user7048,password123
user7049,password123
user7050,password123
user7051,password123
user7052,password123
user7053,password123
user7054,password123
user7055,password123
user7056,password123
user7057,password123
user7058,password123
user7059,password123
user7060,password123
user7061,password123
user7062,password123
user7063,password123
user7064,password123
user7065,password123
user7066,password123
user7067,password123
user7068,password123
user7069,password123
user7070,password123
user7071,password123
user7072,password123
user7073,password123
user7074,password123
user7075,password123
user7076,password123
user7077,password123
user7078,password123
user7079,password123
user7080,password123
user7081,password123
user7082,password123
user7083,password123
user7084,password123
user7085,password123
user7086,password123
user7087,password123
user7088,password123
user7089,password123
user7090,password123
user7091,password123
user7092,password123
user7093,password123
user7094,password123
user7095,password123
user7096,password123
user7097,password123
user7098,password123
user7099,password123
user7100,password123
user7101,password123
user7102,password123
user7103,password123
user7104,password123
user7105,password123
user7106,password123
user7107,password123
user7108,password123
user7109,password123
user7110,password123
user7111,password123
user7112,password123
user7113,password123
user7114,password123
user7115,password123
user7116,password123
user7117,password123
user7118,password123
user7119,password123
user7120,password123
user7121,password123
user7122,password123
user7123,password123
user7124,password123
user7125,password123
user7126,password123
user7127,password123
user7128,password123
user7129,password123
user7130,password123
user7131,password123
user7132,password123
user7133,password123
user7134,password123
user7135,password123
user7136,password123
user7137,password123
user7138,password123
user7139,password123
user7140,password123
user7141,password123
user7142,password123
user7143,password123
user7144,password123
user7145,password123
user7146,password123
user7147,password123
user7148,password123
user7149,password123
user7150,password123
user7151,password123
user7152,password123
user7153,password123
user7154,password123
user7155,password123
user7156,password123
user7157,password123
user7158,password123
user7159,password123
user7160,password123
user7161,password123
user7162,password123
user7163,password123
user7164,password123
user7165,password123
user7166,password123
user7167,password123
user7168,password123
user7169,password123
user7170,password123
user7171,password123
user7172,password123
user7173,password123
user7174,password123
user7175,password123
user7176,password123
user7177,password123
user7178,password123
user7179,password123
user7180,password123
user7181,password123
user7182,password123
user7183,password123
user7184,password123
user7185,password123
user7186,password123
user7187,password123
user7188,password123
user7189,password123
user7190,password123
user7191,password123
user7192,password123
user7193,password123
user7194,password123
user7195,password123
user7196,password123
user7197,password123
user7198,password123
user7199,password123
user7200,password123
user7201,password123
user7202,password123
user7203,password123
user7204,password123
user7205,password123
user7206,password123
user7207,password123
user7208,password123
user7209,password123
user7210,password123
user7211,password123
user7212,password123
user7213,password123
user7214,password123
user7215,password123
user7216,password123
user7217,password123
user7218,password123
user7219,password123
user7220,password123
user7221,password123
user7222,password123
user7223,password123
user7224,password123
user7225,password123
user7226,password123
user7227,password123
user7228,password123
user7229,password123
user7230,password123
user7231,password123
user7232,password123
user7233,password123
user7234,password123
user7235,password123
user7236,password123
user7237,password123
user7238,password123
user7239,password123
user7240,password123
user7241,password123
user7242,password123
user7243,password123
user7244,password123
user7245,password123
user7246,password123
user7247,password123
user7248,password123
user7249,password123
user7250,password123
user7251,password123
user7252,password123
user7253,password123
user7254,password123
user7255,password123
user7256,password123
user7257,password123
user7258,password123
user7259,password123
user7260,password123
user7261,password123
user7262,password123
user7263,password123
user7264,password123
user7265,password123
user7266,password123
user7267,password123
user7268,password123
user7269,password123
user7270,password123
user7271,password123
user7272,password123
user7273,password123
user7274,password123
user7275,password123
user7276,password123
user7277,password123
user7278,password123
user7279,password123
user7280,password123
user7281,password123
user7282,password123
user7283,password123
user7284,password123
user7285,password123
user7286,password123
user7287,password123
user7288,password123
user7289,password123
user7290,password123
user7291,password123
user7292,password123
user7293,password123
user7294,password123
user7295,password123
user7296,password123
user7297,password123
user7298,password123
user7299,password123
user7300,password123
user7301,password123
user7302,password123
user7303,password123
user7304,password123
user7305,password123
user7306,password123
user7307,password123
user7308,password123
user7309,password123
user7310,password123
user7311,password123
user7312,password123
user7313,password123
user7314,password123
user7315,password123
user7316,password123
user7317,password123
user7318,password123
user7319,password123
user7320,password123
user7321,password123
user7322,password123
user7323,password123
user7324,password123
user7325,password123
user7326,password123
user7327,password123
user7328,password123
user7329,password123
user7330,password123
user7331,password123
user7332,password123
user7333,password123
user7334,password123
user7335,password123
user7336,password123
user7337,password123
user7338,password123
user7339,password123
user7340,password123
user7341,password123
user7342,password123
user7343,password123
user7344,password123
user7345,password123
user7346,password123
user7347,password123
user7348,password123
user7349,password123
user7350,password123
user7351,password123
user7352,password123
user7353,password123
user7354,password123
user7355,password123
user7356,password123
user7357,password123
user7358,password123
user7359,password123
user7360,password123
user7361,password123
user7362,password123
user7363,password123
user7364,password123
user7365,password123
user7366,password123
user7367,password123
user7368,password123
user7369,password123
user7370,password123
user7371,password123
user7372,password123
user7373,password123
user7374,password123
user7375,password123
user7376,password123
user7377,password123
user7378,password123
user7379,password123
user7380,password123
user7381,password123
user7382,password123
user7383,password123
user7384,password123
user7385,password123
user7386,password123
user7387,password123
user7388,password123
user7389,password123
user7390,password123
user7391,password123
user7392,password123
user7393,password123
user7394,password123
user7395,password123
user7396,password123
user7397,password123
user7398,password123
user7399,password123
user7400,password123
user7401,password123
user7402,password123
user7403,password123
user7404,password123
user7405,password123
user7406,password123
user7407,password123
user7408,password123
user7409,password123
user7410,password123
user7411,password123
user7412,password123
user7413,password123
user7414,password123
user7415,password123
user7416,password123
user7417,password123
user7418,password123
user7419,password123
user7420,password123
user7421,password123
user7422,password123
user7423,password123
user7424,password123
user7425,password123
user7426,password123
user7427,password123
user7428,password123
user7429,password123
user7430,password123
user7431,password123
user7432,password123
user7433,password123
user7434,password123
user7435,password123
user7436,password123
user7437,password123
user7438,password123
user7439,password123
user7440,password123
user7441,password123
user7442,password123
user7443,password123
user7444,password123
user7445,password123
user7446,password123
user7447,password123
user7448,password123
user7449,password123
user7450,password123
user7451,password123
user7452,password123
user7453,password123
user7454,password123
user7455,password123
user7456,password123
user7457,password123
user7458,password123
user7459,password123
user7460,password123
user7461,password123
user7462,password123
user7463,password123
user7464,password123
user7465,password123
user7466,password123
user7467,password123
user7468,password123
user7469,password123
user7470,password123
user7471,password123
user7472,password123
user7473,password123
user7474,password123
user7475,password123
user7476,password123
user7477,password123
user7478,password123
user7479,password123
user7480,password123
user7481,password123
user7482,password123
user7483,password123
user7484,password123
user7485,password123
user7486,password123
user7487,password123
user7488,password123
user7489,password123
user7490,password123
user7491,password123
user7492,password123
user7493,password123
user7494,password123
user7495,password123
user7496,password123
user7497,password123
user7498,password123
user7499,password123
user7500,password123
user7501,password123
user7502,password123
user7503,password123
user7504,password123
user7505,password123
user7506,password123
user7507,password123
user7508,password123
user7509,password123
user7510,password123
user7511,password123
user7512,password123
user7513,password123
user7514,password123
user7515,password123
user7516,password123
user7517,password123
user7518,password123
user7519,password123
user7520,password123
user7521,password123
user7522,password123
user7523,password123
user7524,password123
user7525,password123
user7526,password123
user7527,password123
user7528,password123
user7529,password123
user7530,password123
user7531,password123
user7532,password123
user7533,password123
user7534,password123
user7535,password123
user7536,password123
user7537,password123
user7538,password123
user7539,password123
user7540,password123
user7541,password123
user7542,password123
user7543,password123
user7544,password123
user7545,password123
user7546,password123
user7547,password123
user7548,password123
user7549,password123
user7550,password123
user7551,password123
user7552,password123
user7553,password123
user7554,password123
user7555,password123
user7556,password123
user7557,password123
user7558,password123
user7559,password123
user7560,password123
user7561,password123
user7562,password123
user7563,password123
user7564,password123
user7565,password123
user7566,password123
user7567,password123
user7568,password123
user7569,password123
user7570,password123
user7571,password123
user7572,password123
user7573,password123
user7574,password123
user7575,password123
user7576,password123
user7577,password123
user7578,password123
user7579,password123
user7580,password123
user7581,password123
user7582,password123
user7583,password123
user7584,password123
user7585,password123
user7586,password123
user7587,password123
user7588,password123
user7589,password123
user7590,password123
user7591,password123
user7592,password123
user7593,password123
user7594,password123
user7595,password123
user7596,password123
user7597,password123
user7598,password123
user7599,password123
user7600,password123
user7601,password123
user7602,password123
user7603,password123
user7604,password123
user7605,password123
user7606,password123
user7607,password123
user7608,password123
user7609,password123
user7610,password123
user7611,password123
user7612,password123
user7613,password123
user7614,password123
user7615,password123
user7616,password123
user7617,password123
user7618,password123
user7619,password123
user7620,password123
user7621,password123
user7622,password123
user7623,password123
user7624,password123
user7625,password123
user7626,password123
user7627,password123
user7628,password123
user7629,password123
user7630,password123
user7631,password123
user7632,password123
user7633,password123
user7634,password123
user7635,password123
user7636,password123
user7637,password123
user7638,password123
user7639,password123
user7640,password123
user7641,password123
user7642,password123
user7643,password123
user7644,password123
user7645,password123
user7646,password123
user7647,password123
user7648,password123
user7649,password123
user7650,password123
user7651,password123
user7652,password123
user7653,password123
user7654,password123
user7655,password123
user7656,password123
user7657,password123
user7658,password123
user7659,password123
user7660,password123
user7661,password123
user7662,password123
user7663,password123
user7664,password123
user7665,password123
user7666,password123
user7667,password123
user7668,password123
user7669,password123
user7670,password123
user7671,password123
user7672,password123
user7673,password123
user7674,password123
user7675,password123
user7676,password123
user7677,password123
user7678,password123
user7679,password123
user7680,password123
user7681,password123
user7682,password123
user7683,password123
user7684,password123
user7685,password123
user7686,password123
user7687,password123
user7688,password123
user7689,password123
user7690,password123
user7691,password123
user7692,password123
user7693,password123
user7694,password123
user7695,password123
user7696,password123
user7697,password123
user7698,password123
user7699,password123
user7700,password123
user7701,password123
user7702,password123
user7703,password123
user7704,password123
user7705,password123
user7706,password123
user7707,password123
user7708,password123
user7709,password123
user7710,password123
user7711,password123
user7712,password123
user7713,password123
user7714,password123
user7715,password123
user7716,password123
user7717,password123
user7718,password123
user7719,password123
user7720,password123
user7721,password123
user7722,password123
user7723,password123
user7724,password123
user7725,password123
user7726,password123
user7727,password123
user7728,password123
user7729,password123
user7730,password123
user7731,password123
user7732,password123
user7733,password123
user7734,password123
user7735,password123
user7736,password123
user7737,password123
user7738,password123
user7739,password123
user7740,password123
user7741,password123
user7742,password123
user7743,password123
user7744,password123
user7745,password123
user7746,password123
user7747,password123
user7748,password123
user7749,password123
user7750,password123
user7751,password123
user7752,password123
user7753,password123
user7754,password123
user7755,password123
user7756,password123
user7757,password123
user7758,password123
user7759,password123
user7760,password123
user7761,password123
user7762,password123
user7763,password123
user7764,password123
user7765,password123
user7766,password123
user7767,password123
user7768,password123
user7769,password123
user7770,password123
user7771,password123
user7772,password123
user7773,password123
user7774,password123
user7775,password123
user7776,password123
user7777,password123
user7778,password123
user7779,password123
user7780,password123
user7781,password123
user7782,password123
user7783,password123
user7784,password123
user7785,password123
user7786,password123
user7787,password123
user7788,password123
user7789,password123
user7790,password123
user7791,password123
user7792,password123
user7793,password123
user7794,password123
user7795,password123
user7796,password123
user7797,password123
user7798,password123
user7799,password123
user7800,password123
user7801,password123
user7802,password123
user7803,password123
user7804,password123
user7805,password123
user7806,password123
user7807,password123
user7808,password123
user7809,password123
user7810,password123
user7811,password123
user7812,password123
user7813,password123
user7814,password123
user7815,password123
user7816,password123
user7817,password123
user7818,password123
user7819,password123
user7820,password123
user7821,password123
user7822,password123
user7823,password123
user7824,password123
user7825,password123
user7826,password123
user7827,password123
user7828,password123
user7829,password123
user7830,password123
user7831,password123
user7832,password123
user7833,password123
user7834,password123
user7835,password123
user7836,password123
user7837,password123
user7838,password123
user7839,password123
user7840,password123
user7841,password123
user7842,password123
user7843,password123
user7844,password123
user7845,password123
user7846,password123
user7847,password123
user7848,password123
user7849,password123
user7850,password123
user7851,password123
user7852,password123
user7853,password123
user7854,password123
user7855,password123
user7856,password123
user7857,password123
user7858,password123
user7859,password123
user7860,password123
user7861,password123
user7862,password123
user7863,password123
user7864,password123
user7865,password123
user7866,password123
user7867,password123
user7868,password123
user7869,password123
user7870,password123
user7871,password123
user7872,password123
user7873,password123
user7874,password123
user7875,password123
user7876,password123
user7877,password123
user7878,password123
user7879,password123
user7880,password123
user7881,password123
user7882,password123
user7883,password123
user7884,password123
user7885,password123
user7886,password123
user7887,password123
user7888,password123
user7889,password123
user7890,password123
user7891,password123
user7892,password123
user7893,password123
user7894,password123
user7895,password123
user7896,password123
user7897,password123
user7898,password123
user7899,password123
user7900,password123
user7901,password123
user7902,password123
user7903,password123
user7904,password123
user7905,password123
user7906,password123
user7907,password123
user7908,password123
user7909,password123
user7910,password123
user7911,password123
user7912,password123
user7913,password123
user7914,password123
user7915,password123
user7916,password123
user7917,password123
user7918,password123
user7919,password123
user7920,password123
user7921,password123
user7922,password123
user7923,password123
user7924,password123
user7925,password123
user7926,password123
user7927,password123
user7928,password123
user7929,password123
user7930,password123
user7931,password123
user7932,password123
user7933,password123
user7934,password123
user7935,password123
user7936,password123
user7937,password123
user7938,password123
user7939,password123
user7940,password123
user7941,password123
user7942,password123
user7943,password123
user7944,password123
user7945,password123
user7946,password123
user7947,password123
user7948,password123
user7949,password123
user7950,password123
user7951,password123
user7952,password123
user7953,password123
user7954,password123
user7955,password123
user7956,password123
user7957,password123
user7958,password123
user7959,password123
user7960,password123
user7961,password123
user7962,password123
user7963,password123
user7964,password123
user7965,password123
user7966,password123
user7967,password123
user7968,password123
user7969,password123
user7970,password123
user7971,password123
user7972,password123
user7973,password123
user7974,password123
user7975,password123
user7976,password123
user7977,password123
user7978,password123
user7979,password123
user7980,password123
user7981,password123
user7982,password123
user7983,password123
user7984,password123
user7985,password123
user7986,password123
user7987,password123
user7988,password123
user7989,password123
user7990,password123
user7991,password123
user7992,password123
user7993,password123
user7994,password123
user7995,password123
user7996,password123
user7997,password123
user7998,password123
user7999,password123
user8000,password123
user8001,password123
user8002,password123
user8003,password123
user8004,password123
user8005,password123
user8006,password123
user8007,password123
user8008,password123
user8009,password123
user8010,password123
user8011,password123
user8012,password123
user8013,password123
user8014,password123
user8015,password123
user8016,password123
user8017,password123
user8018,password123
user8019,password123
user8020,password123
user8021,password123
user8022,password123
user8023,password123
user8024,password123
user8025,password123
user8026,password123
user8027,password123
user8028,password123
user8029,password123
user8030,password123
user8031,password123
user8032,password123
user8033,password123
user8034,password123
user8035,password123
user8036,password123
user8037,password123
user8038,password123
user8039,password123
user8040,password123
user8041,password123
user8042,password123
user8043,password123
user8044,password123
user8045,password123
user8046,password123
user8047,password123
user8048,password123
user8049,password123
user8050,password123
user8051,password123
user8052,password123
user8053,password123
user8054,password123
user8055,password123
user8056,password123
user8057,password123
user8058,password123
user8059,password123
user8060,password123
user8061,password123
user8062,password123
user8063,password123
user8064,password123
user8065,password123
user8066,password123
user8067,password123
user8068,password123
user8069,password123
user8070,password123
user8071,password123
user8072,password123
user8073,password123
user8074,password123
user8075,password123
user8076,password123
user8077,password123
user8078,password123
user8079,password123
user8080,password123
user8081,password123
user8082,password123
user8083,password123
user8084,password123
user8085,password123
user8086,password123
user8087,password123
user8088,password123
user8089,password123
user8090,password123
user8091,password123
user8092,password123
user8093,password123
user8094,password123
user8095,password123
user8096,password123
user8097,password123
user8098,password123
user8099,password123
user8100,password123
user8101,password123
user8102,password123
user8103,password123
user8104,password123
user8105,password123
user8106,password123
user8107,password123
user8108,password123
user8109,password123
user8110,password123
user8111,password123
user8112,password123
user8113,password123
user8114,password123
user8115,password123
user8116,password123
user8117,password123
user8118,password123
user8119,password123
user8120,password123
user8121,password123
user8122,password123
user8123,password123
user8124,password123
user8125,password123
user8126,password123
user8127,password123
user8128,password123
user8129,password123
user8130,password123
user8131,password123
user8132,password123
user8133,password123
user8134,password123
user8135,password123
user8136,password123
user8137,password123
user8138,password123
user8139,password123
user8140,password123
user8141,password123
user8142,password123
user8143,password123
user8144,password123
user8145,password123
user8146,password123
user8147,password123
user8148,password123
user8149,password123
user8150,password123
user8151,password123
user8152,password123
user8153,password123
user8154,password123
user8155,password123
user8156,password123
user8157,password123
user8158,password123
user8159,password123
user8160,password123
user8161,password123
user8162,password123
user8163,password123
user8164,password123
user8165,password123
user8166,password123
user8167,password123
user8168,password123
user8169,password123
user8170,password123
user8171,password123
user8172,password123
user8173,password123
user8174,password123
user8175,password123
user8176,password123
user8177,password123
user8178,password123
user8179,password123
user8180,password123
user8181,password123
user8182,password123
user8183,password123
user8184,password123
user8185,password123
user8186,password123
user8187,password123
user8188,password123
user8189,password123
user8190,password123
user8191,password123
user8192,password123
user8193,password123
user8194,password123
user8195,password123
user8196,password123
user8197,password123
user8198,password123
user8199,password123
user8200,password123
user8201,password123
user8202,password123
user8203,password123
user8204,password123
user8205,password123
user8206,password123
user8207,password123
user8208,password123
user8209,password123
user8210,password123
user8211,password123
user8212,password123
user8213,password123
user8214,password123
user8215,password123
user8216,password123
user8217,password123
user8218,password123
user8219,password123
user8220,password123
user8221,password123
user8222,password123
user8223,password123
user8224,password123
user8225,password123
user8226,password123
user8227,password123
user8228,password123
user8229,password123
user8230,password123
user8231,password123
user8232,password123
user8233,password123
user8234,password123
user8235,password123
user8236,password123
user8237,password123
user8238,password123
user8239,password123
user8240,password123
user8241,password123
user8242,password123
user8243,password123
user8244,password123
user8245,password123
user8246,password123
user8247,password123
user8248,password123
user8249,password123
user8250,password123
user8251,password123
user8252,password123
user8253,password123
user8254,password123
user8255,password123
user8256,password123
user8257,password123
user8258,password123
user8259,password123
user8260,password123
user8261,password123
user8262,password123
user8263,password123
user8264,password123
user8265,password123
user8266,password123
user8267,password123
user8268,password123
user8269,password123
user8270,password123
user8271,password123
user8272,password123
user8273,password123
user8274,password123
user8275,password123
user8276,password123
user8277,password123
user8278,password123
user8279,password123
user8280,password123
user8281,password123
user8282,password123
user8283,password123
user8284,password123
user8285,password123
user8286,password123
user8287,password123
user8288,password123
user8289,password123
user8290,password123
user8291,password123
user8292,password123
user8293,password123
user8294,password123
user8295,password123
user8296,password123
user8297,password123
user8298,password123
user8299,password123
user8300,password123
user8301,password123
user8302,password123
user8303,password123
user8304,password123
user8305,password123
user8306,password123
user8307,password123
user8308,password123
user8309,password123
user8310,password123
user8311,password123
user8312,password123
user8313,password123
user8314,password123
user8315,password123
user8316,password123
user8317,password123
user8318,password123
user8319,password123
user8320,password123
user8321,password123
user8322,password123
user8323,password123
user8324,password123
user8325,password123
user8326,password123
user8327,password123
user8328,password123
user8329,password123
user8330,password123
user8331,password123
user8332,password123
user8333,password123
user8334,password123
user8335,password123
user8336,password123
user8337,password123
user8338,password123
user8339,password123
user8340,password123
user8341,password123
user8342,password123
user8343,password123
user8344,password123
user8345,password123
user8346,password123
user8347,password123
user8348,password123
user8349,password123
user8350,password123
user8351,password123
user8352,password123
user8353,password123
user8354,password123
user8355,password123
user8356,password123
user8357,password123
user8358,password123
user8359,password123
user8360,password123
user8361,password123
user8362,password123
user8363,password123
user8364,password123
user8365,password123
user8366,password123
user8367,password123
user8368,password123
user8369,password123
user8370,password123
user8371,password123
user8372,password123
user8373,password123
user8374,password123
user8375,password123
user8376,password123
user8377,password123
user8378,password123
user8379,password123
user8380,password123
user8381,password123
user8382,password123
user8383,password123
user8384,password123
user8385,password123
user8386,password123
user8387,password123
user8388,password123
user8389,password123
user8390,password123
user8391,password123
user8392,password123
user8393,password123
user8394,password123
user8395,password123
user8396,password123
user8397,password123
user8398,password123
user8399,password123
user8400,password123
user8401,password123
user8402,password123
user8403,password123
user8404,password123
user8405,password123
user8406,password123
user8407,password123
user8408,password123
user8409,password123
user8410,password123
user8411,password123
user8412,password123
user8413,password123
user8414,password123
user8415,password123
user8416,password123
user8417,password123
user8418,password123
user8419,password123
user8420,password123
user8421,password123
user8422,password123
user8423,password123
user8424,password123
user8425,password123
user8426,password123
user8427,password123
user8428,password123
user8429,password123
user8430,password123
user8431,password123
user8432,password123
user8433,password123
user8434,password123
user8435,password123
user8436,password123
user8437,password123
user8438,password123
user8439,password123
user8440,password123
user8441,password123
user8442,password123
user8443,password123
user8444,password123
user8445,password123
user8446,password123
user8447,password123
user8448,password123
user8449,password123
user8450,password123
user8451,password123
user8452,password123
user8453,password123
user8454,password123
user8455,password123
user8456,password123
user8457,password123
user8458,password123
user8459,password123
user8460,password123
user8461,password123
user8462,password123
user8463,password123
user8464,password123
user8465,password123
user8466,password123
user8467,password123
user8468,password123
user8469,password123
user8470,password123
user8471,password123
user8472,password123
user8473,password123
user8474,password123
user8475,password123
user8476,password123
user8477,password123
user8478,password123
user8479,password123
user8480,password123
user8481,password123
user8482,password123
user8483,password123
user8484,password123
user8485,password123
user8486,password123
user8487,password123
user8488,password123
user8489,password123
user8490,password123
user8491,password123
user8492,password123
user8493,password123
user8494,password123
user8495,password123
user8496,password123
user8497,password123
user8498,password123
user8499,password123
user8500,password123
user8501,password123
user8502,password123
user8503,password123
user8504,password123
user8505,password123
user8506,password123
user8507,password123
user8508,password123
user8509,password123
user8510,password123
user8511,password123
user8512,password123
user8513,password123
user8514,password123
user8515,password123
user8516,password123
user8517,password123
user8518,password123
user8519,password123
user8520,password123
user8521,password123
user8522,password123
user8523,password123
user8524,password123
user8525,password123
user8526,password123
user8527,password123
user8528,password123
user8529,password123
user8530,password123
user8531,password123
user8532,password123
user8533,password123
user8534,password123
user8535,password123
user8536,password123
user8537,password123
user8538,password123
user8539,password123
user8540,password123
user8541,password123
user8542,password123
user8543,password123
user8544,password123
user8545,password123
user8546,password123
user8547,password123
user8548,password123
user8549,password123
user8550,password123
user8551,password123
user8552,password123
user8553,password123
user8554,password123
user8555,password123
user8556,password123
user8557,password123
user8558,password123
user8559,password123
user8560,password123
user8561,password123
user8562,password123
user8563,password123
user8564,password123
user8565,password123
user8566,password123
user8567,password123
user8568,password123
user8569,password123
user8570,password123
user8571,password123
user8572,password123
user8573,password123
user8574,password123
user8575,password123
user8576,password123
user8577,password123
user8578,password123
user8579,password123
user8580,password123
user8581,password123
user8582,password123
user8583,password123
user8584,password123
user8585,password123
user8586,password123
user8587,password123
user8588,password123
user8589,password123
user8590,password123
user8591,password123
user8592,password123
user8593,password123
user8594,password123
user8595,password123
user8596,password123
user8597,password123
user8598,password123
user8599,password123
user8600,password123
user8601,password123
user8602,password123
user8603,password123
user8604,password123
user8605,password123
user8606,password123
user8607,password123
user8608,password123
user8609,password123
user8610,password123
user8611,password123
user8612,password123
user8613,password123
user8614,password123
user8615,password123
user8616,password123
user8617,password123
user8618,password123
user8619,password123
user8620,password123
user8621,password123
user8622,password123
user8623,password123
user8624,password123
user8625,password123
user8626,password123
user8627,password123
user8628,password123
user8629,password123
user8630,password123
user8631,password123
user8632,password123
user8633,password123
user8634,password123
user8635,password123
user8636,password123
user8637,password123
user8638,password123
user8639,password123
user8640,password123
user8641,password123
user8642,password123
user8643,password123
user8644,password123
user8645,password123
user8646,password123
user8647,password123
user8648,password123
user8649,password123
user8650,password123
user8651,password123
user8652,password123
user8653,password123
user8654,password123
user8655,password123
user8656,password123
user8657,password123
user8658,password123
user8659,password123
user8660,password123
user8661,password123
user8662,password123
user8663,password123
user8664,password123
user8665,password123
user8666,password123
user8667,password123
user8668,password123
user8669,password123
user8670,password123
user8671,password123
user8672,password123
user8673,password123
user8674,password123
user8675,password123
user8676,password123
user8677,password123
user8678,password123
user8679,password123
user8680,password123
user8681,password123
user8682,password123
user8683,password123
user8684,password123
user8685,password123
user8686,password123
user8687,password123
user8688,password123
user8689,password123
user8690,password123
user8691,password123
user8692,password123
user8693,password123
user8694,password123
user8695,password123
user8696,password123
user8697,password123
user8698,password123
user8699,password123
user8700,password123
user8701,password123
user8702,password123
user8703,password123
user8704,password123
user8705,password123
user8706,password123
user8707,password123
user8708,password123
user8709,password123
user8710,password123
user8711,password123
user8712,password123
user8713,password123
user8714,password123
user8715,password123
user8716,password123
user8717,password123
user8718,password123
user8719,password123
user8720,password123
user8721,password123
user8722,password123
user8723,password123
user8724,password123
user8725,password123
user8726,password123
user8727,password123
user8728,password123
user8729,password123
user8730,password123
user8731,password123
user8732,password123
user8733,password123
user8734,password123
user8735,password123
user8736,password123
user8737,password123
user8738,password123
user8739,password123
user8740,password123
user8741,password123
user8742,password123
user8743,password123
user8744,password123
user8745,password123
user8746,password123
user8747,password123
user8748,password123
user8749,password123
user8750,password123
user8751,password123
user8752,password123
user8753,password123
user8754,password123
user8755,password123
user8756,password123
user8757,password123
user8758,password123
user8759,password123
user8760,password123
user8761,password123
user8762,password123
user8763,password123
user8764,password123
user8765,password123
user8766,password123
user8767,password123
user8768,password123
user8769,password123
user8770,password123
user8771,password123
user8772,password123
user8773,password123
user8774,password123
user8775,password123
user8776,password123
user8777,password123
user8778,password123
user8779,password123
user8780,password123
user8781,password123
user8782,password123
user8783,password123
user8784,password123
user8785,password123
user8786,password123
user8787,password123
user8788,password123
user8789,password123
user8790,password123
user8791,password123
user8792,password123
user8793,password123
user8794,password123
user8795,password123
user8796,password123
user8797,password123
user8798,password123
user8799,password123
user8800,password123
user8801,password123
user8802,password123
user8803,password123
user8804,password123
user8805,password123
user8806,password123
user8807,password123
user8808,password123
user8809,password123
user8810,password123
user8811,password123
user8812,password123
user8813,password123
user8814,password123
user8815,password123
user8816,password123
user8817,password123
user8818,password123
user8819,password123
user8820,password123
user8821,password123
user8822,password123
user8823,password123
user8824,password123
user8825,password123
user8826,password123
user8827,password123
user8828,password123
user8829,password123
user8830,password123
user8831,password123
user8832,password123
user8833,password123
user8834,password123
user8835,password123
user8836,password123
user8837,password123
user8838,password123
user8839,password123
user8840,password123
user8841,password123
user8842,password123
user8843,password123
user8844,password123
user8845,password123
user8846,password123
user8847,password123
user8848,password123
user8849,password123
user8850,password123
user8851,password123
user8852,password123
user8853,password123
user8854,password123
user8855,password123
user8856,password123
user8857,password123
user8858,password123
user8859,password123
user8860,password123
user8861,password123
user8862,password123
user8863,password123
user8864,password123
user8865,password123
user8866,password123
user8867,password123
user8868,password123
user8869,password123
user8870,password123
user8871,password123
user8872,password123
user8873,password123
user8874,password123
user8875,password123
user8876,password123
user8877,password123
user8878,password123
user8879,password123
user8880,password123
user8881,password123
user8882,password123
user8883,password123
user8884,password123
user8885,password123
user8886,password123
user8887,password123
user8888,password123
user8889,password123
user8890,password123
user8891,password123
user8892,password123
user8893,password123
user8894,password123
user8895,password123
user8896,password123
user8897,password123
user8898,password123
user8899,password123
user8900,password123
user8901,password123
user8902,password123
user8903,password123
user8904,password123
user8905,password123
user8906,password123
user8907,password123
user8908,password123
user8909,password123
user8910,password123
user8911,password123
user8912,password123
user8913,password123
user8914,password123
user8915,password123
user8916,password123
user8917,password123
user8918,password123
user8919,password123
user8920,password123
user8921,password123
user8922,password123
user8923,password123
user8924,password123
user8925,password123
user8926,password123
user8927,password123
user8928,password123
user8929,password123
user8930,password123
user8931,password123
user8932,password123
user8933,password123
user8934,password123
user8935,password123
user8936,password123
user8937,password123
user8938,password123
user8939,password123
user8940,password123
user8941,password123
user8942,password123
user8943,password123
user8944,password123
user8945,password123
user8946,password123
user8947,password123
user8948,password123
user8949,password123
user8950,password123
user8951,password123
user8952,password123
user8953,password123
user8954,password123
user8955,password123
user8956,password123
user8957,password123
user8958,password123
user8959,password123
user8960,password123
user8961,password123
user8962,password123
user8963,password123
user8964,password123
user8965,password123
user8966,password123
user8967,password123
user8968,password123
user8969,password123
user8970,password123
user8971,password123
user8972,password123
user8973,password123
user8974,password123
user8975,password123
user8976,password123
user8977,password123
user8978,password123
user8979,password123
user8980,password123
user8981,password123
user8982,password123
user8983,password123
user8984,password123
user8985,password123
user8986,password123
user8987,password123
user8988,password123
user8989,password123
user8990,password123
user8991,password123
user8992,password123
user8993,password123
user8994,password123
user8995,password123
user8996,password123
user8997,password123
user8998,password123
user8999,password123
user9000,password123
user9001,password123
user9002,password123
user9003,password123
user9004,password123
user9005,password123
user9006,password123
user9007,password123
user9008,password123
user9009,password123
user9010,password123
user9011,password123
user9012,password123
user9013,password123
user9014,password123
user9015,password123
user9016,password123
user9017,password123
user9018,password123
user9019,password123
user9020,password123
user9021,password123
user9022,password123
user9023,password123
user9024,password123
user9025,password123
user9026,password123
user9027,password123
user9028,password123
user9029,password123
user9030,password123
user9031,password123
user9032,password123
user9033,password123
user9034,password123
user9035,password123
user9036,password123
user9037,password123
user9038,password123
user9039,password123
user9040,password123
user9041,password123
user9042,password123
user9043,password123
user9044,password123
user9045,password123
user9046,password123
user9047,password123
user9048,password123
user9049,password123
user9050,password123
user9051,password123
user9052,password123
user9053,password123
user9054,password123
user9055,password123
user9056,password123
user9057,password123
user9058,password123
user9059,password123
user9060,password123
user9061,password123
user9062,password123
user9063,password123
user9064,password123
user9065,password123
user9066,password123
user9067,password123
user9068,password123
user9069,password123
user9070,password123
user9071,password123
user9072,password123
user9073,password123
user9074,password123
user9075,password123
user9076,password123
user9077,password123
user9078,password123
user9079,password123
user9080,password123
user9081,password123
user9082,password123
user9083,password123
user9084,password123
user9085,password123
user9086,password123
user9087,password123
user9088,password123
user9089,password123
user9090,password123
user9091,password123
user9092,password123
user9093,password123
user9094,password123
user9095,password123
user9096,password123
user9097,password123
user9098,password123
user9099,password123
user9100,password123
user9101,password123
user9102,password123
user9103,password123
user9104,password123
user9105,password123
user9106,password123
user9107,password123
user9108,password123
user9109,password123
user9110,password123
user9111,password123
user9112,password123
user9113,password123
user9114,password123
user9115,password123
user9116,password123
user9117,password123
user9118,password123
user9119,password123
user9120,password123
user9121,password123
user9122,password123
user9123,password123
user9124,password123
user9125,password123
user9126,password123
user9127,password123
user9128,password123
user9129,password123
user9130,password123
user9131,password123
user9132,password123
user9133,password123
user9134,password123
user9135,password123
user9136,password123
user9137,password123
user9138,password123
user9139,password123
user9140,password123
user9141,password123
user9142,password123
user9143,password123
user9144,password123
user9145,password123
user9146,password123
user9147,password123
user9148,password123
user9149,password123
user9150,password123
user9151,password123
user9152,password123
user9153,password123
user9154,password123
user9155,password123
user9156,password123
user9157,password123
user9158,password123
user9159,password123
user9160,password123
user9161,password123
user9162,password123
user9163,password123
user9164,password123
user9165,password123
user9166,password123
user9167,password123
user9168,password123
user9169,password123
user9170,password123
user9171,password123
user9172,password123
user9173,password123
user9174,password123
user9175,password123
user9176,password123
user9177,password123
user9178,password123
user9179,password123
user9180,password123
user9181,password123
user9182,password123
user9183,password123
user9184,password123
user9185,password123
user9186,password123
user9187,password123
user9188,password123
user9189,password123
user9190,password123
user9191,password123
user9192,password123
user9193,password123
user9194,password123
user9195,password123
user9196,password123
user9197,password123
user9198,password123
user9199,password123
user9200,password123
user9201,password123
user9202,password123
user9203,password123
user9204,password123
user9205,password123
user9206,password123
user9207,password123
user9208,password123
user9209,password123
user9210,password123
user9211,password123
user9212,password123
user9213,password123
user9214,password123
user9215,password123
user9216,password123
user9217,password123
user9218,password123
user9219,password123
user9220,password123
user9221,password123
user9222,password123
user9223,password123
user9224,password123
user9225,password123
user9226,password123
user9227,password123
user9228,password123
user9229,password123
user9230,password123
user9231,password123
user9232,password123
user9233,password123
user9234,password123
user9235,password123
user9236,password123
user9237,password123
user9238,password123
user9239,password123
user9240,password123
user9241,password123
user9242,password123
user9243,password123
user9244,password123
user9245,password123
user9246,password123
user9247,password123
user9248,password123
user9249,password123
user9250,password123
user9251,password123
user9252,password123
user9253,password123
user9254,password123
user9255,password123
user9256,password123
user9257,password123
user9258,password123
user9259,password123
user9260,password123
user9261,password123
user9262,password123
user9263,password123
user9264,password123
user9265,password123
user9266,password123
user9267,password123
user9268,password123
user9269,password123
user9270,password123
user9271,password123
user9272,password123
user9273,password123
user9274,password123
user9275,password123
user9276,password123
user9277,password123
user9278,password123
user9279,password123
user9280,password123
user9281,password123
user9282,password123
user9283,password123
user9284,password123
user9285,password123
user9286,password123
user9287,password123
user9288,password123
user9289,password123
user9290,password123
user9291,password123
user9292,password123
user9293,password123
user9294,password123
user9295,password123
user9296,password123
user9297,password123
user9298,password123
user9299,password123
user9300,password123
user9301,password123
user9302,password123
user9303,password123
user9304,password123
user9305,password123
user9306,password123
user9307,password123
user9308,password123
user9309,password123
user9310,password123
user9311,password123
user9312,password123
user9313,password123
user9314,password123
user9315,password123
user9316,password123
user9317,password123
user9318,password123
user9319,password123
user9320,password123
user9321,password123
user9322,password123
user9323,password123
user9324,password123
user9325,password123
user9326,password123
user9327,password123
user9328,password123
user9329,password123
user9330,password123
user9331,password123
user9332,password123
user9333,password123
user9334,password123
user9335,password123
user9336,password123
user9337,password123
user9338,password123
user9339,password123
user9340,password123
user9341,password123
user9342,password123
user9343,password123
user9344,password123
user9345,password123
user9346,password123
user9347,password123
user9348,password123
user9349,password123
user9350,password123
user9351,password123
user9352,password123
user9353,password123
user9354,password123
user9355,password123
user9356,password123
user9357,password123
user9358,password123
user9359,password123
user9360,password123
user9361,password123
user9362,password123
user9363,password123
user9364,password123
user9365,password123
user9366,password123
user9367,password123
user9368,password123
user9369,password123
user9370,password123
user9371,password123
user9372,password123
user9373,password123
user9374,password123
user9375,password123
user9376,password123
user9377,password123
user9378,password123
user9379,password123
user9380,password123
user9381,password123
user9382,password123
user9383,password123
user9384,password123
user9385,password123
user9386,password123
user9387,password123
user9388,password123
user9389,password123
user9390,password123
user9391,password123
user9392,password123
user9393,password123
user9394,password123
user9395,password123
user9396,password123
user9397,password123
user9398,password123
user9399,password123
user9400,password123
user9401,password123
user9402,password123
user9403,password123
user9404,password123
user9405,password123
user9406,password123
user9407,password123
user9408,password123
user9409,password123
user9410,password123
user9411,password123
user9412,password123
user9413,password123
user9414,password123
user9415,password123
user9416,password123
user9417,password123
user9418,password123
user9419,password123
user9420,password123
user9421,password123
user9422,password123
user9423,password123
user9424,password123
user9425,password123
user9426,password123
user9427,password123
user9428,password123
user9429,password123
user9430,password123
user9431,password123
user9432,password123
user9433,password123
user9434,password123
user9435,password123
user9436,password123
user9437,password123
user9438,password123
user9439,password123
user9440,password123
user9441,password123
user9442,password123
user9443,password123
user9444,password123
user9445,password123
user9446,password123
user9447,password123
user9448,password123
user9449,password123
user9450,password123
user9451,password123
user9452,password123
user9453,password123
user9454,password123
user9455,password123
user9456,password123
user9457,password123
user9458,password123
user9459,password123
user9460,password123
user9461,password123
user9462,password123
user9463,password123
user9464,password123
user9465,password123
user9466,password123
user9467,password123
user9468,password123
user9469,password123
user9470,password123
user9471,password123
user9472,password123
user9473,password123
user9474,password123
user9475,password123
user9476,password123
user9477,password123
user9478,password123
user9479,password123
user9480,password123
user9481,password123
user9482,password123
user9483,password123
user9484,password123
user9485,password123
user9486,password123
user9487,password123
user9488,password123
user9489,password123
user9490,password123
user9491,password123
user9492,password123
user9493,password123
user9494,password123
user9495,password123
user9496,password123
user9497,password123
user9498,password123
user9499,password123
user9500,password123
user9501,password123
user9502,password123
user9503,password123
user9504,password123
user9505,password123
user9506,password123
user9507,password123
user9508,password123
user9509,password123
user9510,password123
user9511,password123
user9512,password123
user9513,password123
user9514,password123
user9515,password123
user9516,password123
user9517,password123
user9518,password123
user9519,password123
user9520,password123
user9521,password123
user9522,password123
user9523,password123
user9524,password123
user9525,password123
user9526,password123
user9527,password123
user9528,password123
user9529,password123
user9530,password123
user9531,password123
user9532,password123
user9533,password123
user9534,password123
user9535,password123
user9536,password123
user9537,password123
user9538,password123
user9539,password123
user9540,password123
user9541,password123
user9542,password123
user9543,password123
user9544,password123
user9545,password123
user9546,password123
user9547,password123
user9548,password123
user9549,password123
user9550,password123
user9551,password123
user9552,password123
user9553,password123
user9554,password123
user9555,password123
user9556,password123
user9557,password123
user9558,password123
user9559,password123
user9560,password123
user9561,password123
user9562,password123
user9563,password123
user9564,password123
user9565,password123
user9566,password123
user9567,password123
user9568,password123
user9569,password123
user9570,password123
user9571,password123
user9572,password123
user9573,password123
user9574,password123
user9575,password123
user9576,password123
user9577,password123
user9578,password123
user9579,password123
user9580,password123
user9581,password123
user9582,password123
user9583,password123
user9584,password123
user9585,password123
user9586,password123
user9587,password123
user9588,password123
user9589,password123
user9590,password123
user9591,password123
user9592,password123
user9593,password123
user9594,password123
user9595,password123
user9596,password123
user9597,password123
user9598,password123
user9599,password123
user9600,password123
user9601,password123
user9602,password123
user9603,password123
user9604,password123
user9605,password123
user9606,password123
user9607,password123
user9608,password123
user9609,password123
user9610,password123
user9611,password123
user9612,password123
user9613,password123
user9614,password123
user9615,password123
user9616,password123
user9617,password123
user9618,password123
user9619,password123
user9620,password123
user9621,password123
user9622,password123
user9623,password123
user9624,password123
user9625,password123
user9626,password123
user9627,password123
user9628,password123
user9629,password123
user9630,password123
user9631,password123
user9632,password123
user9633,password123
user9634,password123
user9635,password123
user9636,password123
user9637,password123
user9638,password123
user9639,password123
user9640,password123
user9641,password123
user9642,password123
user9643,password123
user9644,password123
user9645,password123
user9646,password123
user9647,password123
user9648,password123
user9649,password123
user9650,password123
user9651,password123
user9652,password123
user9653,password123
user9654,password123
user9655,password123
user9656,password123
user9657,password123
user9658,password123
user9659,password123
user9660,password123
user9661,password123
user9662,password123
user9663,password123
user9664,password123
user9665,password123
user9666,password123
user9667,password123
user9668,password123
user9669,password123
user9670,password123
user9671,password123
user9672,password123
user9673,password123
user9674,password123
user9675,password123
user9676,password123
user9677,password123
user9678,password123
user9679,password123
user9680,password123
user9681,password123
user9682,password123
user9683,password123
user9684,password123
user9685,password123
user9686,password123
user9687,password123
user9688,password123
user9689,password123
user9690,password123
user9691,password123
user9692,password123
user9693,password123
user9694,password123
user9695,password123
user9696,password123
user9697,password123
user9698,password123
user9699,password123
user9700,password123
user9701,password123
user9702,password123
user9703,password123
user9704,password123
user9705,password123
user9706,password123
user9707,password123
user9708,password123
user9709,password123
user9710,password123
user9711,password123
user9712,password123
user9713,password123
user9714,password123
user9715,password123
user9716,password123
user9717,password123
user9718,password123
user9719,password123
user9720,password123
user9721,password123
user9722,password123
user9723,password123
user9724,password123
user9725,password123
user9726,password123
user9727,password123
user9728,password123
user9729,password123
user9730,password123
user9731,password123
user9732,password123
user9733,password123
user9734,password123
user9735,password123
user9736,password123
user9737,password123
user9738,password123
user9739,password123
user9740,password123
user9741,password123
user9742,password123
user9743,password123
user9744,password123
user9745,password123
user9746,password123
user9747,password123
user9748,password123
user9749,password123
user9750,password123
user9751,password123
user9752,password123
user9753,password123
user9754,password123
user9755,password123
user9756,password123
user9757,password123
user9758,password123
user9759,password123
user9760,password123
user9761,password123
user9762,password123
user9763,password123
user9764,password123
user9765,password123
user9766,password123
user9767,password123
user9768,password123
user9769,password123
user9770,password123
user9771,password123
user9772,password123
user9773,password123
user9774,password123
user9775,password123
user9776,password123
user9777,password123
user9778,password123
user9779,password123
user9780,password123
user9781,password123
user9782,password123
user9783,password123
user9784,password123
user9785,password123
user9786,password123
user9787,password123
user9788,password123
user9789,password123
user9790,password123
user9791,password123
user9792,password123
user9793,password123
user9794,password123
user9795,password123
user9796,password123
user9797,password123
user9798,password123
user9799,password123
user9800,password123
user9801,password123
user9802,password123
user9803,password123
user9804,password123
user9805,password123
user9806,password123
user9807,password123
user9808,password123
user9809,password123
user9810,password123
user9811,password123
user9812,password123
user9813,password123
user9814,password123
user9815,password123
user9816,password123
user9817,password123
user9818,password123
user9819,password123
user9820,password123
user9821,password123
user9822,password123
user9823,password123
user9824,password123
user9825,password123
user9826,password123
user9827,password123
user9828,password123
user9829,password123
user9830,password123
user9831,password123
user9832,password123
user9833,password123
user9834,password123
user9835,password123
user9836,password123
user9837,password123
user9838,password123
user9839,password123
user9840,password123
user9841,password123
user9842,password123
user9843,password123
user9844,password123
user9845,password123
user9846,password123
user9847,password123
user9848,password123
user9849,password123
user9850,password123
user9851,password123
user9852,password123
user9853,password123
user9854,password123
user9855,password123
user9856,password123
user9857,password123
user9858,password123
user9859,password123
user9860,password123
user9861,password123
user9862,password123
user9863,password123
user9864,password123
user9865,password123
user9866,password123
user9867,password123
user9868,password123
user9869,password123
user9870,password123
user9871,password123
user9872,password123
user9873,password123
user9874,password123
user9875,password123
user9876,password123
user9877,password123
user9878,password123
user9879,password123
user9880,password123
user9881,password123
user9882,password123
user9883,password123
user9884,password123
user9885,password123
user9886,password123
user9887,password123
user9888,password123
user9889,password123
user9890,password123
user9891,password123
user9892,password123
user9893,password123
user9894,password123
user9895,password123
user9896,password123
user9897,password123
user9898,password123
user9899,password123
user9900,password123
user9901,password123
user9902,password123
user9903,password123
user9904,password123
user9905,password123
user9906,password123
user9907,password123
user9908,password123
user9909,password123
user9910,password123
user9911,password123
user9912,password123
user9913,password123
user9914,password123
user9915,password123
user9916,password123
user9917,password123
user9918,password123
user9919,password123
user9920,password123
user9921,password123
user9922,password123
user9923,password123
user9924,password123
user9925,password123
user9926,password123
user9927,password123
user9928,password123
user9929,password123
user9930,password123
user9931,password123
user9932,password123
user9933,password123
user9934,password123
user9935,password123
user9936,password123
user9937,password123
user9938,password123
user9939,password123
user9940,password123
user9941,password123
user9942,password123
user9943,password123
user9944,password123
user9945,password123
user9946,password123
user9947,password123
user9948,password123
user9949,password123
user9950,password123
user9951,password123
user9952,password123
user9953,password123
user9954,password123
user9955,password123
user9956,password123
user9957,password123
user9958,password123
user9959,password123
user9960,password123
user9961,password123
user9962,password123
user9963,password123
user9964,password123
user9965,password123
user9966,password123
user9967,password123
user9968,password123
user9969,password123
user9970,password123
user9971,password123
user9972,password123
user9973,password123
user9974,password123
user9975,password123
user9976,password123
user9977,password123
user9978,password123
user9979,password123
user9980,password123
user9981,password123
user9982,password123
user9983,password123
user9984,password123
user9985,password123
user9986,password123
user9987,password123
user9988,password123
user9989,password123
user9990,password123
user9991,password123
user9992,password123
user9993,password123
user9994,password123
user9995,password123
user9996,password123
user9997,password123
user9998,password123
user9999,password123
user10000,password123